,code_cluster,Activités,Balade,Culture,Event,Logement,Magasin,Nourriture,Park,Sortie_soir,Sport,Sport_hiver,Tourism_center,Transport
0,1.0,53,4,227,19,22,1,182,10,2,153,0,2,0
1,2.0,49,0,366,23,32,1,158,32,12,124,0,11,7
2,3.0,73,1,203,22,12,0,35,14,2,135,22,3,2
3,4.0,67,3,406,36,49,1,227,32,15,241,25,21,10
4,5.0,52,1,86,41,14,0,19,9,1,95,18,1,0
5,6.0,630,0,422,126,189,1,155,15,6,209,0,13,1
6,7.0,60,4,604,198,111,1,428,39,38,243,0,10,1
7,8.0,212,5,188,239,67,0,73,24,4,98,0,8,0
8,9.0,90,1,272,154,92,0,103,22,1,99,0,5,3
9,10.0,66,0,142,76,92,0,44,4,0,100,0,4,0
10,11.0,28,0,379,50,57,0,128,9,1,52,0,4,0
11,12.0,62,0,148,93,53,0,33,8,3,35,0,2,0
12,13.0,117,1,882,320,85,2,231,43,5,495,4,11,0
13,14.0,34,0,423,175,55,0,81,26,0,295,0,4,3
14,15.0,44,1,313,189,43,1,166,17,3,130,0,7,0
15,16.0,31,6,532,43,45,1,273,4,0,209,0,20,1
16,17.0,26,0,309,28,37,2,119,4,1,50,0,17,0
17,18.0,65,4,277,51,167,0,421,21,22,132,0,25,7
18,19.0,39,11,493,38,41,0,171,8,5,132,0,32,4
19,20.0,23,1,395,74,83,0,204,16,9,100,0,15,0
20,21.0,52,2,411,45,92,1,428,17,25,96,0,25,8
21,22.0,30,11,423,31,55,0,164,4,25,158,2,25,0
22,23.0,20,4,312,23,47,1,317,14,1,66,0,12,3
23,24.0,260,1,657,308,28,0,192,22,2,182,0,19,0
24,25.0,73,0,499,1,45,2,208,0,2,74,0,33,1
25,26.0,113,0,698,174,43,0,155,10,1,63,0,11,0
26,27.0,399,0,1336,771,67,2,386,44,31,207,0,35,9
27,28.0,50,1,422,72,21,1,208,12,13,151,0,10,1
28,29.0,281,2,1016,456,44,0,218,31,1,110,2,11,0
29,30.0,67,1,412,81,23,0,91,3,0,60,0,12,1
30,31.0,348,0,103,179,177,1,116,15,7,48,0,3,0
31,32.0,351,0,144,112,393,0,150,16,2,115,0,6,0
32,33.0,198,0,192,84,189,0,76,8,2,83,0,6,1
33,34.0,19,1,394,33,29,0,205,6,15,61,0,15,0
34,35.0,72,6,409,167,143,0,270,21,19,174,0,5,0
35,36.0,123,0,278,141,75,0,103,1,0,57,1,11,0
36,37.0,76,0,457,241,193,0,428,34,24,220,0,1,0
37,38.0,214,1,528,622,145,1,316,54,21,74,0,28,8
38,39.0,128,0,283,72,63,4,89,35,7,21,0,3,2
39,40.0,71,0,70,7,28,1,20,13,7,10,0,4,0
40,41.0,117,0,186,97,73,0,97,0,4,79,0,11,1
41,42.0,73,4,318,61,50,0,179,14,4,210,0,20,0
42,43.0,386,25,348,460,175,0,374,26,2,63,5,135,0
43,44.0,563,0,986,339,484,0,393,20,8,397,0,25,0
44,45.0,411,0,499,149,262,0,200,21,7,192,0,13,1
45,46.0,582,5,526,885,335,0,284,41,5,199,0,25,0
46,47.0,40,0,580,60,51,0,212,22,2,129,0,28,1
47,48.0,216,1,1461,434,145,3,559,23,28,256,0,22,0
48,49.0,188,1,871,232,135,4,575,25,14,260,0,13,16
49,50.0,160,2,576,244,103,1,369,23,7,186,0,13,18
50,51.0,127,1,687,225,199,2,277,15,4,195,0,7,4
51,52.0,70,1,474,112,118,3,287,49,15,128,0,10,1
52,53.0,212,0,175,238,133,0,114,20,11,148,0,11,9
53,54.0,742,0,480,485,331,1,233,120,34,544,0,29,18
54,55.0,91,1,135,44,65,0,74,43,8,62,0,1,1
55,56.0,31,0,29,17,20,0,8,24,0,59,0,1,1
56,57.0,73,0,89,106,121,0,74,16,4,78,0,5,4
57,58.0,61,0,58,86,73,0,67,27,1,41,0,9,2
58,59.0,21,0,164,15,24,2,65,5,0,77,2,9,0
59,60.0,145,2,368,63,74,0,136,28,1,413,0,19,11
60,61.0,16,2,129,17,25,0,55,3,1,62,0,2,0
61,62.0,55,0,475,62,26,0,167,7,5,130,1,13,0
62,63.0,94,0,173,79,83,1,111,79,8,291,0,5,1
63,64.0,279,0,434,480,29,1,159,72,9,431,0,12,1
64,65.0,174,0,459,261,25,2,115,57,14,193,0,13,2
65,66.0,417,0,462,165,240,1,313,129,35,393,0,32,38
66,67.0,137,0,237,52,45,1,57,45,2,145,0,30,24
67,68.0,112,1,301,254,51,3,130,42,6,95,0,6,3
68,69.0,63,0,165,112,16,2,52,51,8,98,0,6,11
69,70.0,94,0,349,199,21,4,106,40,3,159,0,6,4
70,71.0,231,0,960,508,51,7,253,103,13,213,0,24,22
71,72.0,166,0,269,75,157,0,145,102,25,272,0,9,7
72,73.0,478,0,606,169,142,1,130,86,9,224,0,104,45
73,74.0,179,0,58,214,38,0,43,15,8,166,0,8,0
74,75.0,503,0,164,136,111,0,123,26,8,135,0,11,0
75,76.0,168,0,69,162,40,0,41,58,12,176,0,8,0
76,77.0,688,0,212,99,99,0,104,14,10,136,0,12,1
77,78.0,442,0,131,371,55,0,53,18,5,301,0,16,0
78,79.0,34,0,9,22,8,0,6,6,0,20,0,3,0
79,80.0,164,1,497,92,145,1,153,52,3,313,0,20,18
80,81.0,134,0,415,117,129,1,147,20,18,208,0,30,22
81,82.0,295,0,670,246,183,3,196,128,26,489,0,22,22
82,83.0,870,0,640,93,208,0,120,7,19,40,0,11,0
83,84.0,723,0,213,68,168,1,152,49,29,76,0,18,0
84,85.0,712,0,149,55,115,1,104,20,6,76,0,11,0
85,86.0,314,0,114,35,60,0,52,6,8,125,0,3,1
86,87.0,248,0,60,26,42,1,82,9,12,76,0,3,0
87,88.0,455,0,332,87,116,0,97,14,21,91,0,12,0
88,89.0,281,0,47,218,26,0,0,1,4,60,0,0,0
89,90.0,285,0,30,239,26,0,0,2,0,64,0,0,0
90,91.0,165,0,25,115,19,0,0,2,1,36,0,0,0
91,92.0,142,1,26,92,10,0,0,1,1,29,0,0,0
92,93.0,367,0,72,256,54,0,0,2,1,147,0,0,0
93,94.0,181,0,7,134,10,0,0,0,2,26,0,0,0
94,95.0,136,0,26,157,11,0,0,0,0,19,0,0,0
95,96.0,377,0,93,189,112,0,0,2,2,139,0,0,0
96,97.0,266,0,45,309,34,0,2,0,0,133,0,0,0
97,98.0,146,0,566,156,146,1,179,107,5,519,0,8,21
98,99.0,306,0,282,55,353,0,260,24,24,316,0,24,21
99,100.0,141,0,415,110,115,0,108,35,19,200,0,14,28
100,101.0,161,0,356,92,102,0,104,22,10,225,0,13,14
101,102.0,1005,0,346,216,162,0,258,41,21,330,0,11,0
102,103.0,642,0,196,56,96,0,166,20,8,74,0,8,0
103,104.0,240,0,48,96,26,0,63,10,0,80,0,3,0
104,105.0,998,0,180,103,105,1,166,7,7,260,0,12,0
105,106.0,1197,0,91,39,99,0,95,15,5,210,0,15,0
106,107.0,1228,0,362,186,191,1,198,10,17,247,0,11,0
107,108.0,121,5,1034,122,30,0,179,11,1,107,0,10,0
108,109.0,172,0,589,194,22,0,109,20,2,42,1,8,0
109,110.0,15,0,31,4,19,0,11,2,1,18,0,4,0
110,111.0,54,0,13,32,27,0,13,1,1,38,0,5,0
111,112.0,35,0,57,56,36,0,25,11,2,55,0,6,0
112,113.0,21,0,105,174,46,0,34,6,4,46,0,6,0
113,114.0,86,0,141,171,100,0,35,37,0,141,0,6,15
114,115.0,10,0,33,25,35,0,42,2,0,8,0,1,1
115,116.0,74,0,27,161,42,0,13,5,2,55,0,5,0
116,117.0,43,0,21,91,16,0,6,8,1,52,0,5,0
117,118.0,64,0,41,125,34,0,12,21,2,47,0,7,1
118,119.0,222,0,128,108,74,0,91,112,10,282,0,10,0
119,120.0,531,0,59,440,65,0,0,0,4,135,0,0,0
120,121.0,95,0,8,167,13,0,0,0,1,17,0,0,0
121,122.0,601,0,91,389,97,1,0,0,5,153,0,0,0
122,123.0,0,0,3,0,0,0,0,0,0,0,0,12,0
123,124.0,0,0,6,0,0,0,0,0,0,1,0,4,0
124,125.0,18,0,46,3,11,0,18,0,1,24,0,6,1
125,126.0,0,0,1,0,0,0,0,0,0,0,0,3,0
126,127.0,0,0,13,2,1,0,3,0,0,1,0,6,0
127,128.0,12,0,128,28,45,0,76,4,1,35,0,14,4
128,129.0,0,0,8,0,0,0,0,0,0,0,0,7,0
129,130.0,56,1,483,34,44,1,167,10,0,57,0,7,0
130,131.0,451,2,642,595,402,0,330,14,23,220,0,24,27
131,132.0,10,0,97,14,12,1,23,0,0,10,0,5,0
132,133.0,108,5,443,46,32,0,113,24,1,68,0,14,0
133,134.0,9,1,307,69,18,3,195,15,6,123,0,15,1
134,135.0,9,1,57,24,31,0,15,2,3,135,0,9,1
135,136.0,2,0,27,318,1,0,7,1,0,1,0,0,0
136,137.0,6,0,43,35,24,1,21,4,0,144,0,9,2
137,138.0,209,0,382,79,88,2,53,68,10,141,0,103,23
138,139.0,384,0,609,186,113,3,228,38,11,161,0,45,52
139,140.0,218,0,701,31,42,3,76,51,6,118,0,19,34
140,141.0,160,0,338,90,95,1,98,24,13,218,0,13,18
141,142.0,445,2,553,698,396,0,242,26,19,270,0,6,16
142,143.0,261,0,133,228,198,0,128,1,10,85,0,2,18
143,144.0,817,1,109,402,121,2,65,5,3,24,0,7,5
144,145.0,215,0,37,123,45,0,1,2,0,71,0,0,0
145,146.0,67,0,7,65,7,0,0,0,0,11,0,0,0
146,147.0,63,0,11,33,9,0,1,0,0,15,0,0,0
147,148.0,172,0,17,60,21,0,11,0,0,37,0,1,0
148,149.0,187,0,11,73,20,0,0,1,1,22,0,0,0
149,150.0,78,0,27,37,69,0,25,5,7,94,0,8,0
150,151.0,124,0,40,101,31,0,20,19,5,97,0,7,0
151,152.0,215,0,49,223,223,0,95,28,12,159,0,10,0
152,153.0,98,0,25,80,56,0,21,14,5,28,0,4,0
153,154.0,21,0,292,72,27,1,180,2,7,101,0,8,0
154,155.0,83,19,906,133,101,4,480,39,78,647,11,40,1
155,156.0,20,0,329,40,17,2,151,10,4,130,0,7,0
156,157.0,153,0,471,176,148,1,180,31,15,96,0,39,26
157,158.0,276,0,501,161,154,1,227,22,25,109,0,38,20
158,159.0,815,0,1573,543,488,6,842,75,144,282,0,76,84
159,160.0,165,0,338,67,92,0,115,17,22,193,0,16,24
160,161.0,251,0,332,464,153,4,289,99,44,316,0,24,21
161,162.0,23,0,31,59,18,0,8,10,0,52,0,2,0
162,163.0,143,0,43,33,160,0,46,16,13,62,0,7,0
163,164.0,77,6,301,101,20,0,208,24,19,185,0,11,0
164,165.0,23,3,192,6,11,0,112,8,7,132,0,3,0
165,166.0,32,2,170,17,10,0,133,2,5,68,0,7,1
166,167.0,12,0,42,16,6,0,44,2,5,35,0,3,0
167,168.0,21,0,242,22,13,0,126,5,1,50,1,9,0
168,169.0,14,0,50,17,17,0,71,20,0,67,0,3,0
169,170.0,228,0,400,226,156,0,261,137,16,367,0,8,0
170,171.0,97,1,120,256,57,0,111,35,7,127,0,4,0
171,172.0,303,0,204,431,58,0,242,72,5,268,0,11,0
172,173.0,205,0,435,439,119,0,519,96,6,520,0,18,0
173,174.0,45,0,84,20,13,0,96,44,1,67,0,17,0
174,175.0,122,0,54,140,21,0,31,49,3,61,0,4,0
175,176.0,89,0,54,64,5,1,19,26,2,45,0,3,0
176,177.0,701,0,432,2010,240,0,199,82,0,135,0,11,1
177,178.0,510,3,333,1053,236,1,134,41,0,100,0,14,0
178,179.0,251,7,303,264,143,0,57,4,0,314,0,35,1
179,180.0,123,0,58,248,142,0,155,7,9,201,0,6,0
180,181.0,115,0,133,173,131,0,124,69,6,328,0,4,0
181,182.0,69,0,59,93,41,0,54,6,0,85,0,2,0
182,183.0,35,0,40,285,83,0,123,78,7,231,0,5,0
183,184.0,17,0,41,34,21,0,31,9,1,98,0,2,0
184,185.0,87,0,101,96,54,1,66,9,1,100,0,2,0
185,186.0,65,0,129,154,82,0,81,58,3,97,0,7,1
186,187.0,55,0,37,131,73,0,47,24,6,79,0,5,2
187,188.0,142,0,75,100,115,0,53,12,4,122,0,8,1
188,189.0,32,0,137,68,167,0,68,6,3,73,0,10,3
189,190.0,106,0,36,79,37,0,34,17,1,30,0,1,0
190,191.0,401,0,57,73,124,0,58,26,12,32,0,1,0
191,192.0,701,3,1835,86,101,5,209,212,9,310,0,9,42
192,193.0,93,0,141,140,50,0,0,24,0,65,0,5,0
193,194.0,96,0,178,129,59,0,0,48,0,99,0,7,0
194,195.0,28,0,61,47,22,0,0,9,0,34,0,2,0
195,196.0,108,0,140,72,97,0,59,30,0,134,0,10,3
196,197.0,128,0,450,163,82,0,188,55,10,215,0,15,21
197,198.0,49,0,329,105,79,0,161,42,5,191,1,14,9
198,199.0,71,0,393,151,44,0,278,70,11,193,0,13,7
199,200.0,108,0,425,95,88,0,178,39,6,219,0,18,12
200,201.0,37,0,131,46,18,0,64,10,2,264,2,17,0
201,202.0,43,0,313,93,33,0,77,14,5,37,0,10,4
202,203.0,56,0,312,35,67,0,140,25,7,124,0,20,3
203,204.0,256,0,20,14,65,0,0,0,0,38,0,0,0
204,205.0,452,0,23,162,79,0,1,1,3,99,0,0,0
205,206.0,170,0,12,10,40,0,0,0,0,24,0,0,0
206,207.0,21,0,151,13,22,0,123,29,15,103,0,2,4
207,208.0,59,0,261,60,54,0,160,23,10,152,0,3,4
208,209.0,23,0,107,53,18,0,122,13,5,40,0,2,1
209,210.0,675,0,135,50,125,0,66,10,5,130,0,10,0
210,211.0,560,0,212,84,129,0,106,29,7,162,0,13,0
211,212.0,2,1,77,11,18,0,19,1,0,2,0,0,0
212,213.0,46,6,77,54,21,0,133,10,11,24,0,2,0
213,214.0,100,1,201,31,43,0,275,28,4,11,0,4,6
214,215.0,28,12,38,15,12,0,76,0,0,3,0,1,0
215,216.0,58,0,85,59,57,0,101,11,1,10,0,2,0
216,217.0,62,0,377,239,52,0,237,9,5,67,0,11,0
217,218.0,51,0,46,28,14,0,43,12,1,1,0,3,0
218,219.0,67,0,90,66,40,0,93,9,4,52,0,4,0
219,220.0,115,0,196,113,79,1,136,18,5,203,0,6,1
220,221.0,154,0,119,196,68,0,84,23,4,126,0,4,0
221,222.0,87,0,157,193,65,0,72,10,1,133,0,2,0
222,223.0,64,0,25,84,28,0,15,4,0,11,0,2,3
223,224.0,75,0,133,2760,78,0,101,9,0,48,0,8,0
224,225.0,10,0,412,500,83,0,205,3,0,55,0,12,0
225,226.0,455,1,1413,1757,335,1,261,24,2,250,0,74,0
226,227.0,10,0,54,54,60,0,91,1,1,29,0,9,0
227,228.0,284,0,850,1423,365,0,269,14,0,47,0,23,0
228,229.0,73,2,343,115,60,1,225,21,6,172,0,19,0
229,230.0,269,0,385,93,167,2,150,38,14,403,3,20,33
230,231.0,230,0,1018,315,290,1,492,228,1,626,2,13,0
231,232.0,164,0,634,197,178,2,186,132,0,206,2,10,0
232,233.0,140,0,605,367,169,1,356,118,0,312,0,12,0
233,234.0,213,0,853,326,246,1,326,137,1,279,7,14,0
234,235.0,205,0,598,288,115,0,317,83,1,501,9,7,0
235,236.0,21,0,65,46,31,0,45,15,0,76,1,2,0
236,237.0,315,0,91,73,66,0,122,10,10,131,0,3,0
237,238.0,516,1,286,91,111,0,81,14,10,88,0,8,0
238,239.0,237,0,59,23,36,0,28,6,1,56,0,3,2
239,240.0,153,0,336,276,177,0,205,31,4,397,0,8,0
240,241.0,16,0,118,90,30,0,51,7,0,98,0,2,0
241,242.0,43,7,358,30,53,0,163,17,15,205,3,12,8
242,243.0,581,18,722,221,111,0,423,7,99,753,45,41,1
243,244.0,36,5,454,29,73,1,202,11,12,228,1,17,15
244,245.0,20,23,405,29,33,0,201,3,17,359,3,26,0
245,246.0,123,7,553,81,104,0,254,14,38,404,6,24,0
246,247.0,44,5,458,17,77,1,295,19,39,222,9,16,8
247,248.0,39,5,283,41,21,0,136,2,16,188,22,13,0
248,249.0,50,1,270,85,160,4,150,92,19,144,0,13,19
249,250.0,43,0,97,117,52,0,32,8,2,100,0,4,6
250,251.0,154,0,94,181,59,1,29,15,1,203,0,7,5
251,252.0,103,0,91,171,110,0,35,6,2,82,0,4,7
252,253.0,75,0,196,157,53,0,65,9,1,119,0,9,6
253,254.0,11,0,156,36,19,0,162,6,7,51,0,6,1
254,255.0,0,0,11,0,2,0,17,1,0,4,0,1,0
255,256.0,0,0,5,2,2,0,5,1,0,1,0,0,0
256,257.0,3,0,28,0,8,0,14,1,1,4,0,2,0
257,258.0,3,0,36,2,5,0,8,2,0,7,0,2,1
258,259.0,22,0,109,5,45,1,85,6,9,57,0,1,1
259,260.0,25,0,98,10,28,0,108,10,0,19,0,3,3
260,261.0,14,0,51,11,82,1,107,10,0,28,0,6,1
261,262.0,5,0,52,0,7,0,79,4,0,15,0,3,0
262,263.0,15,0,211,14,34,0,320,15,3,72,0,3,1
263,264.0,19,1,84,13,51,0,126,11,6,54,0,7,1
264,265.0,11,0,115,49,36,0,145,19,3,57,0,4,2
265,266.0,100,0,234,178,106,1,91,60,9,86,0,7,3
266,267.0,138,0,131,72,76,0,39,59,7,77,0,7,2
267,268.0,242,0,289,83,159,1,280,149,10,342,0,24,18
268,269.0,120,3,264,158,77,0,177,20,1,16,0,12,3
269,270.0,102,5,163,46,40,0,113,15,1,12,0,7,0
270,271.0,26,1,345,15,28,1,150,6,11,88,0,11,1
271,272.0,11,0,79,0,7,0,70,1,4,15,0,4,2
272,273.0,175,0,788,108,143,2,753,41,61,174,0,28,29
273,274.0,10,0,324,21,10,0,151,2,12,30,0,7,0
274,275.0,56,0,265,58,62,0,267,5,20,65,0,16,6
275,276.0,17,0,258,9,18,0,82,3,0,41,0,6,0
276,277.0,12,0,244,9,29,0,97,2,3,21,0,3,0
277,278.0,72,0,336,251,129,0,2,231,2,148,0,14,0
278,279.0,13,0,51,46,20,0,15,33,2,20,0,2,0
279,280.0,49,0,145,134,52,0,71,59,6,78,0,8,0
280,281.0,25,0,164,99,314,0,112,127,4,55,0,9,0
281,282.0,123,0,356,113,59,0,160,37,2,143,0,6,22
282,283.0,95,0,270,147,42,0,82,33,7,361,0,18,15
283,284.0,174,0,382,51,77,0,125,53,6,512,15,51,6
284,285.0,125,0,38,74,33,0,41,8,4,7,0,1,0
285,286.0,1,0,144,2,6,0,57,6,2,17,0,2,0
286,287.0,36,0,135,45,45,1,102,20,4,79,0,1,0
