GEO,TOUR_MEASURE,HOTEL_STA,FREQ,TIME_PERIOD,TERRTYPO,ACTIVITY,TOUR_RESID,UNIT_LOC_RANKING,OBS_STATUS,DECIMALS,UNIT_MULT,OBS_STATUS_FR,CONF_STATUS,OBS_VALUE_NIVEAU
2023-DEP-30,NUI,_T,A,2024,_T,I551,_T,_T,A,0,3,D,F,1342.474388017
2023-DEP-52,NUI,_T,A,2024,_T,I551,_T,_T,A,0,3,D,F,302.961368146
2023-DEP-59,NUI,_T,A,2024,_T,I551,_T,_T,A,0,3,D,F,3711.033975785
2023-DEP-53,NUI,_T,A,2024,_T,I551,_T,_T,A,0,3,D,F,311.328273365
2023-DEP-85,NUI,_T,A,2024,_T,I551,_T,_T,A,0,3,D,F,1621.289930389
2023-DEP-62,NUI,_T,A,2024,_T,I551,_T,_T,A,0,3,D,F,2547.192868228
2023-DEP-2A,NUI,_T,A,2024,_T,I551,_T,_T,A,0,3,D,F,1878.593609755
2023-DEP-974,NUI,_T,A,2024,_T,I551,_T,_T,A,0,3,D,F,1548.870141999
2023-DEP-77,NUI,_T,M,2024-08,_T,I551,_T,_T,A,2,3,D,F,849.031890182
2023-DEP-78,NUI,_T,M,2024-08,_T,I551,_T,_T,A,2,3,D,F,184.521706448
2023-DEP-79,NUI,_T,M,2024-08,_T,I551,_T,_T,A,2,3,D,F,44.855846205
2023-DEP-80,NUI,_T,M,2024-08,_T,I551,_T,_T,A,2,3,D,F,109.407127413
2023-DEP-76,NUI,_T,M,2024-08,_T,I551,_T,_T,A,2,3,D,F,323.064401833
2023-DEP-81,NUI,_T,M,2024-08,_T,I551,_T,_T,A,2,3,D,F,47.140708574
2023-DEP-82,NUI,_T,M,2024-08,_T,I551,_T,_T,A,2,3,D,F,38.783330428
2023-DEP-83,NUI,_T,M,2024-08,_T,I551,_T,_T,A,2,3,D,F,670.52992565
2023-DEP-84,NUI,_T,M,2024-08,_T,I551,_T,_T,A,2,3,D,F,278.910635396
2023-DEP-85,NUI,_T,M,2024-08,_T,I551,_T,_T,A,2,3,D,F,274.80228836
2023-DEP-86,NUI,_T,M,2024-08,_T,I551,_T,_T,A,2,3,D,F,260.139920052
2023-DEP-87,NUI,_T,M,2024-08,_T,I551,_T,_T,A,2,3,D,F,70.093109162
2023-DEP-88,NUI,_T,M,2024-08,_T,I551,_T,_T,A,2,3,D,F,102.243147335
2023-DEP-89,NUI,_T,M,2024-08,_T,I551,_T,_T,A,2,3,D,F,76.104133473
2023-DEP-88,NUI,_T,A,2024,_T,I551,_T,_T,A,0,3,D,F,786.209443129
2023-DEP-90,NUI,_T,M,2024-08,_T,I551,_T,_T,A,2,3,D,F,29.824122857
2023-DEP-91,NUI,_T,M,2024-08,_T,I551,_T,_T,A,2,3,D,F,162.328859081
2023-DEP-92,NUI,_T,M,2024-08,_T,I551,_T,_T,A,2,3,D,F,434.079560157
2023-DEP-93,NUI,_T,M,2024-08,_T,I551,_T,_T,A,2,3,D,F,348.606913242
2023-DEP-94,NUI,_T,M,2024-08,_T,I551,_T,_T,A,2,3,D,F,207.703000496
2023-DEP-95,NUI,_T,M,2024-08,_T,I551,_T,_T,A,2,3,D,F,320.900768969
2023-DEP-77,NUI,_T,A,2024,_T,I551,_T,_T,A,0,3,D,F,9382.427317157
2023-DEP-16,NUI,_T,A,2024,_T,I551,_T,_T,A,0,3,D,F,481.422185946
2023-DEP-54,NUI,_T,A,2024,_T,I551,_T,_T,A,0,3,D,F,989.908449099
2023-DEP-84,NUI,_T,A,2024,_T,I551,_T,_T,A,0,3,D,F,2206.375168611
2023-DEP-971,NUI,_T,M,2024-08,_T,I551,_T,_T,A,2,3,D,F,109.025177802
2023-DEP-972,NUI,_T,M,2024-08,_T,I551,_T,_T,A,2,3,D,F,108.785733536
2023-DEP-973,NUI,_T,M,2024-08,_T,I551,_T,_T,A,2,3,D,F,36.956825823
2023-DEP-974,NUI,_T,M,2024-08,_T,I551,_T,_T,A,2,3,D,F,153.257404024
2023-DEP-976,NUI,_T,M,2024-08,_T,I551,_T,_T,A,2,3,D,F,15.100279131
2023-DEP-01,NUI,_T,M,2024-08,_T,I551,_T,_T,A,2,3,D,F,115.382716181
2023-DEP-02,NUI,_T,M,2024-08,_T,I551,_T,_T,A,2,3,D,F,45.896133423
2023-DEP-03,NUI,_T,M,2024-08,_T,I551,_T,_T,A,2,3,D,F,99.434523054
2023-DEP-04,NUI,_T,M,2024-08,_T,I551,_T,_T,A,2,3,D,F,130.095437295
2023-DEP-05,NUI,_T,M,2024-08,_T,I551,_T,_T,A,2,3,D,F,141.95541108
2023-DEP-06,NUI,_T,M,2024-08,_T,I551,_T,_T,A,2,3,D,F,1321.954458084
2023-DEP-31,NUI,_T,A,2024,_T,I551,_T,_T,A,0,3,D,F,2875.307344988
2023-DEP-07,NUI,_T,M,2024-08,_T,I551,_T,_T,A,2,3,D,F,111.819015994
2023-DEP-08,NUI,_T,M,2024-08,_T,I551,_T,_T,A,2,3,D,F,25.84620819
2023-DEP-09,NUI,_T,M,2024-08,_T,I551,_T,_T,A,2,3,D,F,32.370738735
2023-DEP-25,NUI,_T,M,2024-08,_T,I551,_T,_T,A,2,3,D,F,97.37354244
2023-DEP-26,NUI,_T,M,2024-08,_T,I551,_T,_T,A,2,3,D,F,160.521827629
2023-DEP-27,NUI,_T,M,2024-08,_T,I551,_T,_T,A,2,3,D,F,53.31809595
2023-DEP-28,NUI,_T,M,2024-08,_T,I551,_T,_T,A,2,3,D,F,78.901517262
2023-DEP-10,NUI,_T,M,2024-08,_T,I551,_T,_T,A,2,3,D,F,94.437636688
2023-DEP-11,NUI,_T,M,2024-08,_T,I551,_T,_T,A,2,3,D,F,165.480946047
2023-DEP-12,NUI,_T,M,2024-08,_T,I551,_T,_T,A,2,3,D,F,109.649647943
2023-DEP-29,NUI,_T,M,2024-08,_T,I551,_T,_T,A,2,3,D,F,268.564966938
2023-DEP-30,NUI,_T,M,2024-08,_T,I551,_T,_T,A,2,3,D,F,186.983585421
2023-DEP-13,NUI,_T,M,2024-08,_T,I551,_T,_T,A,2,3,D,F,833.836320195
2023-DEP-14,NUI,_T,M,2024-08,_T,I551,_T,_T,A,2,3,D,F,474.861037063
2023-DEP-15,NUI,_T,M,2024-08,_T,I551,_T,_T,A,2,3,D,F,79.738520243
2023-DEP-31,NUI,_T,M,2024-08,_T,I551,_T,_T,A,2,3,D,F,254.309425325
2023-DEP-32,NUI,_T,M,2024-08,_T,I551,_T,_T,A,2,3,D,F,22.244116437
2023-DEP-16,NUI,_T,M,2024-08,_T,I551,_T,_T,A,2,3,D,F,57.835615321
2023-DEP-17,NUI,_T,M,2024-08,_T,I551,_T,_T,A,2,3,D,F,374.612337447
2023-DEP-18,NUI,_T,M,2024-08,_T,I551,_T,_T,A,2,3,D,F,83.963458682
2023-DEP-33,NUI,_T,M,2024-08,_T,I551,_T,_T,A,2,3,D,F,572.095146163
2023-DEP-34,NUI,_T,M,2024-08,_T,I551,_T,_T,A,2,3,D,F,503.238401385
2023-DEP-19,NUI,_T,M,2024-08,_T,I551,_T,_T,A,2,3,D,F,65.592674792
2023-DEP-2A,NUI,_T,M,2024-08,_T,I551,_T,_T,A,2,3,D,F,382.511199071
2023-DEP-2B,NUI,_T,M,2024-08,_T,I551,_T,_T,A,2,3,D,F,292.2836672
2023-DEP-35,NUI,_T,M,2024-08,_T,I551,_T,_T,A,2,3,D,F,343.846254608
2023-DEP-36,NUI,_T,M,2024-08,_T,I551,_T,_T,A,2,3,D,F,46.458094729
2023-DEP-21,NUI,_T,M,2024-08,_T,I551,_T,_T,A,2,3,D,F,305.050443958
2023-DEP-22,NUI,_T,M,2024-08,_T,I551,_T,_T,A,2,3,D,F,179.490282211
2023-DEP-23,NUI,_T,M,2024-08,_T,I551,_T,_T,A,2,3,D,F,20.373985264
2023-DEP-24,NUI,_T,M,2024-08,_T,I551,_T,_T,A,2,3,D,F,162.105725929
2023-DEP-37,NUI,_T,M,2024-08,_T,I551,_T,_T,A,2,3,D,F,234.827891554
2023-DEP-38,NUI,_T,M,2024-08,_T,I551,_T,_T,A,2,3,D,F,223.326213989
2023-DEP-39,NUI,_T,M,2024-08,_T,I551,_T,_T,A,2,3,D,F,74.181859728
2023-DEP-40,NUI,_T,M,2024-08,_T,I551,_T,_T,A,2,3,D,F,189.270080227
2023-DEP-41,NUI,_T,M,2024-08,_T,I551,_T,_T,A,2,3,D,F,139.921497154
2023-DEP-42,NUI,_T,M,2024-08,_T,I551,_T,_T,A,2,3,D,F,52.212943255
2023-DEP-43,NUI,_T,M,2024-08,_T,I551,_T,_T,A,2,3,D,F,49.975504095
2023-DEP-44,NUI,_T,M,2024-08,_T,I551,_T,_T,A,2,3,D,F,340.345770331
2023-DEP-45,NUI,_T,M,2024-08,_T,I551,_T,_T,A,2,3,D,F,139.10887627
2023-DEP-46,NUI,_T,M,2024-08,_T,I551,_T,_T,A,2,3,D,F,89.766224066
2023-DEP-47,NUI,_T,M,2024-08,_T,I551,_T,_T,A,2,3,D,F,50.755748351
2023-DEP-48,NUI,_T,M,2024-08,_T,I551,_T,_T,A,2,3,D,F,82.8327727890001
2023-DEP-49,NUI,_T,M,2024-08,_T,I551,_T,_T,A,2,3,D,F,155.211021193
2023-DEP-50,NUI,_T,M,2024-08,_T,I551,_T,_T,A,2,3,D,F,158.599366736
2023-DEP-51,NUI,_T,M,2024-08,_T,I551,_T,_T,A,2,3,D,F,171.754088968
2023-DEP-52,NUI,_T,M,2024-08,_T,I551,_T,_T,A,2,3,D,F,33.747162461
2023-DEP-73,NUI,_T,A,2024,_T,I551,_T,_T,A,0,3,D,F,3748.850147588
2023-DEP-11,NUI,_T,A,2024,_T,I551,_T,_T,A,0,3,D,F,1157.457265511
2023-DEP-53,NUI,_T,M,2024-08,_T,I551,_T,_T,A,2,3,D,F,24.263906599
2023-DEP-54,NUI,_T,M,2024-08,_T,I551,_T,_T,A,2,3,D,F,96.675458543
2023-DEP-55,NUI,_T,M,2024-08,_T,I551,_T,_T,A,2,3,D,F,19.447047915
2023-DEP-56,NUI,_T,M,2024-08,_T,I551,_T,_T,A,2,3,D,F,260.675058049
2023-DEP-57,NUI,_T,M,2024-08,_T,I551,_T,_T,A,2,3,D,F,169.47770537
2023-DEP-29,NUI,_T,A,2024,_T,I551,_T,_T,A,0,3,D,F,1829.276290682
2023-DEP-58,NUI,_T,M,2024-08,_T,I551,_T,_T,A,2,3,D,F,42.208315494
2023-DEP-59,NUI,_T,M,2024-08,_T,I551,_T,_T,A,2,3,D,F,330.698391222
2023-DEP-60,NUI,_T,M,2024-08,_T,I551,_T,_T,A,2,3,D,F,155.172922804
2023-DEP-61,NUI,_T,M,2024-08,_T,I551,_T,_T,A,2,3,D,F,31.21851331
2023-DEP-62,NUI,_T,M,2024-08,_T,I551,_T,_T,A,2,3,D,F,309.888620662
2023-DEP-63,NUI,_T,M,2024-08,_T,I551,_T,_T,A,2,3,D,F,267.489545904
2023-DEP-64,NUI,_T,M,2024-08,_T,I551,_T,_T,A,2,3,D,F,408.716899692
2023-DEP-65,NUI,_T,M,2024-08,_T,I551,_T,_T,A,2,3,D,F,374.896972654
2023-DEP-66,NUI,_T,M,2024-08,_T,I551,_T,_T,A,2,3,D,F,277.81870259
2023-DEP-67,NUI,_T,M,2024-08,_T,I551,_T,_T,A,2,3,D,F,443.602995815
2023-DEP-72,NUI,_T,M,2024-08,_T,I551,_T,_T,A,2,3,D,F,80.267088164
2023-DEP-68,NUI,_T,M,2024-08,_T,I551,_T,_T,A,2,3,D,F,345.819206684
2023-DEP-69,NUI,_T,M,2024-08,_T,I551,_T,_T,A,2,3,D,F,543.716831518
2023-DEP-70,NUI,_T,M,2024-08,_T,I551,_T,_T,A,2,3,D,F,11.002408785
2023-DEP-71,NUI,_T,M,2024-08,_T,I551,_T,_T,A,2,3,D,F,167.671971036
2023-DEP-73,NUI,_T,M,2024-08,_T,I551,_T,_T,A,2,3,D,F,319.36991846
2023-DEP-74,NUI,_T,M,2024-08,_T,I551,_T,_T,A,2,3,D,F,711.228216206
2023-DEP-75,NUI,_T,M,2024-08,_T,I551,_T,_T,A,2,3,D,F,3186.35957391
2023-DEP-18,NUI,_T,A,2024,_T,I551,_T,_T,A,0,3,D,F,681.047173219
2023-DEP-75,NUI,_T,M,2024-09,_T,I551,_T,_T,A,2,3,D,F,3370.769622172
2023-DEP-58,NUI,_T,M,2024-09,_T,I551,_T,_T,A,2,3,D,F,35.891011678
2023-DEP-65,NUI,_T,M,2024-09,_T,I551,_T,_T,A,2,3,D,F,328.073293719
2023-DEP-973,NUI,_T,M,2024-09,_T,I551,_T,_T,A,2,3,D,F,35.077852915
2023-DEP-72,NUI,_T,M,2024-09,_T,I551,_T,_T,A,2,3,D,F,82.016567563
2023-DEP-40,NUI,_T,M,2024-09,_T,I551,_T,_T,A,2,3,D,F,112.318971557
2023-DEP-32,NUI,_T,M,2024-09,_T,I551,_T,_T,A,2,3,D,F,20.657471904
2023-DEP-66,NUI,_T,M,2024-09,_T,I551,_T,_T,A,2,3,D,F,174.24098986
2023-DEP-35,NUI,_T,M,2024-09,_T,I551,_T,_T,A,2,3,D,F,291.720724082
2023-DEP-89,NUI,_T,M,2024-09,_T,I551,_T,_T,A,2,3,D,F,69.316120596
2023-DEP-64,NUI,_T,M,2024-09,_T,I551,_T,_T,A,2,3,D,F,292.911345483
2023-DEP-09,NUI,_T,M,2024-09,_T,I551,_T,_T,A,2,3,D,F,22.29021545
2023-DEP-12,NUI,_T,A,2024,_T,I551,_T,_T,A,0,3,D,F,660.232323954
2023-DEP-36,NUI,_T,M,2024-09,_T,I551,_T,_T,A,2,3,D,F,36.902539716
2023-DEP-49,NUI,_T,M,2024-09,_T,I551,_T,_T,A,2,3,D,F,131.998749828
2023-DEP-39,NUI,_T,M,2024-09,_T,I551,_T,_T,A,2,3,D,F,51.420007722
2023-DEP-18,NUI,_T,M,2024-09,_T,I551,_T,_T,A,2,3,D,F,65.902376173
2023-DEP-52,NUI,_T,M,2024-09,_T,I551,_T,_T,A,2,3,D,F,32.589370031
2023-DEP-29,NUI,_T,M,2024-09,_T,I551,_T,_T,A,2,3,D,F,199.524622973
2023-DEP-45,NUI,_T,M,2024-09,_T,I551,_T,_T,A,2,3,D,F,126.116699738
2023-DEP-05,NUI,_T,A,2024,_T,I551,_T,_T,A,0,3,D,F,941.231638003
2023-DEP-03,NUI,_T,M,2024-09,_T,I551,_T,_T,A,2,3,D,F,70.26253426
2023-DEP-38,NUI,_T,M,2024-09,_T,I551,_T,_T,A,2,3,D,F,179.909356801
2023-DEP-08,NUI,_T,M,2024-09,_T,I551,_T,_T,A,2,3,D,F,24.318369963
2023-DEP-27,NUI,_T,M,2024-09,_T,I551,_T,_T,A,2,3,D,F,52.485679682
2023-DEP-31,NUI,_T,M,2024-09,_T,I551,_T,_T,A,2,3,D,F,270.286130163
2023-DEP-971,NUI,_T,M,2024-09,_T,I551,_T,_T,A,2,3,D,F,34.629652357
2023-DEP-26,NUI,_T,A,2024,_T,I551,_T,_T,A,0,3,D,F,1269.545157512
2023-DEP-67,NUI,_T,M,2024-09,_T,I551,_T,_T,A,2,3,D,F,381.87718108
2023-DEP-974,NUI,_T,M,2024-09,_T,I551,_T,_T,A,2,3,D,F,123.532112331
2023-DEP-44,NUI,_T,M,2024-09,_T,I551,_T,_T,A,2,3,D,F,276.291099012
2023-DEP-23,NUI,_T,M,2024-09,_T,I551,_T,_T,A,2,3,D,F,13.657765843
2023-DEP-23,NUI,_T,A,2024,_T,I551,_T,_T,A,0,3,D,F,137.195850076
2023-DEP-04,NUI,_T,M,2024-09,_T,I551,_T,_T,A,2,3,D,F,80.079208337
2023-DEP-50,NUI,_T,M,2024-09,_T,I551,_T,_T,A,2,3,D,F,122.839283033
2023-DEP-56,NUI,_T,M,2024-09,_T,I551,_T,_T,A,2,3,D,F,179.68478348
2023-DEP-37,NUI,_T,M,2024-09,_T,I551,_T,_T,A,2,3,D,F,184.33615584
2023-DEP-48,NUI,_T,M,2024-09,_T,I551,_T,_T,A,2,3,D,F,52.287086108
2023-DEP-2B,NUI,_T,M,2024-09,_T,I551,_T,_T,A,2,3,D,F,229.661589616
2023-DEP-73,NUI,_T,M,2024-09,_T,I551,_T,_T,A,2,3,D,F,161.156145808
2023-DEP-16,NUI,_T,M,2024-09,_T,I551,_T,_T,A,2,3,D,F,46.125866905
2023-DEP-43,NUI,_T,M,2024-09,_T,I551,_T,_T,A,2,3,D,F,34.333416099
2023-DEP-60,NUI,_T,M,2024-09,_T,I551,_T,_T,A,2,3,D,F,124.465260983
2023-DEP-19,NUI,_T,M,2024-09,_T,I551,_T,_T,A,2,3,D,F,46.482891826
2023-DEP-63,NUI,_T,M,2024-09,_T,I551,_T,_T,A,2,3,D,F,162.298680545
2023-DEP-61,NUI,_T,M,2024-09,_T,I551,_T,_T,A,2,3,D,F,31.344096274
2023-DEP-02,NUI,_T,M,2024-09,_T,I551,_T,_T,A,2,3,D,F,50.03270343
2023-DEP-74,NUI,_T,M,2024-09,_T,I551,_T,_T,A,2,3,D,F,398.296270483
2023-DEP-33,NUI,_T,M,2024-09,_T,I551,_T,_T,A,2,3,D,F,475.514139056
2023-DEP-70,NUI,_T,M,2024-09,_T,I551,_T,_T,A,2,3,D,F,12.290350979
2023-DEP-69,NUI,_T,M,2024-09,_T,I551,_T,_T,A,2,3,D,F,557.000538365
2023-DEP-54,NUI,_T,M,2024-09,_T,I551,_T,_T,A,2,3,D,F,89.474465882
2023-DEP-15,NUI,_T,M,2024-09,_T,I551,_T,_T,A,2,3,D,F,45.090917493
2023-DEP-62,NUI,_T,M,2024-09,_T,I551,_T,_T,A,2,3,D,F,240.022155364
2023-DEP-972,NUI,_T,M,2024-09,_T,I551,_T,_T,A,2,3,D,F,39.414518266
2023-DEP-05,NUI,_T,M,2024-09,_T,I551,_T,_T,A,2,3,D,F,66.962224738
2023-DEP-06,NUI,_T,M,2024-09,_T,I551,_T,_T,A,2,3,D,F,1065.126220976
2023-DEP-10,NUI,_T,M,2024-09,_T,I551,_T,_T,A,2,3,D,F,75.037586238
2023-DEP-46,NUI,_T,M,2024-09,_T,I551,_T,_T,A,2,3,D,F,59.447733826
2023-DEP-22,NUI,_T,M,2024-09,_T,I551,_T,_T,A,2,3,D,F,129.453779823
2023-DEP-68,NUI,_T,M,2024-09,_T,I551,_T,_T,A,2,3,D,F,291.708794341
2023-DEP-51,NUI,_T,M,2024-09,_T,I551,_T,_T,A,2,3,D,F,183.786617308
2023-DEP-13,NUI,_T,M,2024-09,_T,I551,_T,_T,A,2,3,D,F,638.549544493
2023-DEP-71,NUI,_T,M,2024-09,_T,I551,_T,_T,A,2,3,D,F,132.393172715
2023-DEP-76,NUI,_T,M,2024-09,_T,I551,_T,_T,A,2,3,D,F,236.557072574
2023-DEP-77,NUI,_T,M,2024-09,_T,I551,_T,_T,A,2,3,D,F,775.127076635
2023-DEP-78,NUI,_T,M,2024-09,_T,I551,_T,_T,A,2,3,D,F,181.514436732
2023-DEP-86,NUI,_T,M,2024-09,_T,I551,_T,_T,A,2,3,D,F,116.801289679
2023-DEP-87,NUI,_T,M,2024-09,_T,I551,_T,_T,A,2,3,D,F,56.922335372
2023-DEP-79,NUI,_T,M,2024-09,_T,I551,_T,_T,A,2,3,D,F,37.730050928
2023-DEP-80,NUI,_T,M,2024-09,_T,I551,_T,_T,A,2,3,D,F,84.924634563
2023-DEP-81,NUI,_T,M,2024-09,_T,I551,_T,_T,A,2,3,D,F,47.03700177
2023-DEP-82,NUI,_T,M,2024-09,_T,I551,_T,_T,A,2,3,D,F,33.58124703
2023-DEP-83,NUI,_T,M,2024-09,_T,I551,_T,_T,A,2,3,D,F,453.517899752
2023-DEP-84,NUI,_T,M,2024-09,_T,I551,_T,_T,A,2,3,D,F,243.360970648
2023-DEP-85,NUI,_T,M,2024-09,_T,I551,_T,_T,A,2,3,D,F,158.392277724
2023-DEP-88,NUI,_T,M,2024-09,_T,I551,_T,_T,A,2,3,D,F,68.938370086
2023-DEP-90,NUI,_T,M,2024-09,_T,I551,_T,_T,A,2,3,D,F,23.776506302
2023-DEP-91,NUI,_T,M,2024-09,_T,I551,_T,_T,A,2,3,D,F,177.02115725
2023-DEP-21,NUI,_T,A,2024,_T,I551,_T,_T,A,0,3,D,F,2561.763417447
2023-DEP-92,NUI,_T,M,2024-09,_T,I551,_T,_T,A,2,3,D,F,498.428494582
2023-DEP-39,NUI,_T,A,2024,_T,I551,_T,_T,A,0,3,D,F,511.380171104
2023-DEP-93,NUI,_T,M,2024-09,_T,I551,_T,_T,A,2,3,D,F,398.648109503
2023-DEP-94,NUI,_T,M,2024-09,_T,I551,_T,_T,A,2,3,D,F,237.448015656
2023-DEP-95,NUI,_T,M,2024-09,_T,I551,_T,_T,A,2,3,D,F,322.490424096
2023-DEP-64,NUI,_T,A,2024,_T,I551,_T,_T,A,0,3,D,F,2736.19204032
2023-DEP-976,NUI,_T,M,2024-09,_T,I551,_T,_T,A,2,3,D,F,14.191608917
2023-DEP-01,NUI,_T,M,2024-09,_T,I551,_T,_T,A,2,3,D,F,91.567654396
2023-DEP-07,NUI,_T,M,2024-09,_T,I551,_T,_T,A,2,3,D,F,68.582979085
2023-DEP-11,NUI,_T,M,2024-09,_T,I551,_T,_T,A,2,3,D,F,122.413408407
2023-DEP-12,NUI,_T,M,2024-09,_T,I551,_T,_T,A,2,3,D,F,77.420494415
2023-DEP-14,NUI,_T,M,2024-09,_T,I551,_T,_T,A,2,3,D,F,352.3554016
2023-DEP-17,NUI,_T,M,2024-09,_T,I551,_T,_T,A,2,3,D,F,234.630532579
2023-DEP-2A,NUI,_T,M,2024-09,_T,I551,_T,_T,A,2,3,D,F,298.898732906
2023-DEP-21,NUI,_T,M,2024-09,_T,I551,_T,_T,A,2,3,D,F,258.086347291
2023-DEP-24,NUI,_T,M,2024-09,_T,I551,_T,_T,A,2,3,D,F,115.149579466
2023-DEP-25,NUI,_T,M,2024-09,_T,I551,_T,_T,A,2,3,D,F,93.886843552
2023-DEP-26,NUI,_T,M,2024-09,_T,I551,_T,_T,A,2,3,D,F,127.436627308
2023-DEP-28,NUI,_T,M,2024-09,_T,I551,_T,_T,A,2,3,D,F,67.582568344
2023-DEP-30,NUI,_T,M,2024-09,_T,I551,_T,_T,A,2,3,D,F,140.007368666
2023-DEP-34,NUI,_T,M,2024-09,_T,I551,_T,_T,A,2,3,D,F,317.402396005
2023-DEP-41,NUI,_T,M,2024-09,_T,I551,_T,_T,A,2,3,D,F,99.622468553
2023-DEP-42,NUI,_T,M,2024-09,_T,I551,_T,_T,A,2,3,D,F,59.303675363
2023-DEP-47,NUI,_T,M,2024-09,_T,I551,_T,_T,A,2,3,D,F,41.660217543
2023-DEP-53,NUI,_T,M,2024-09,_T,I551,_T,_T,A,2,3,D,F,30.461425557
2023-DEP-55,NUI,_T,M,2024-09,_T,I551,_T,_T,A,2,3,D,F,20.631303896
2023-DEP-57,NUI,_T,M,2024-09,_T,I551,_T,_T,A,2,3,D,F,147.069805719
2023-DEP-59,NUI,_T,M,2024-09,_T,I551,_T,_T,A,2,3,D,F,318.564342417
2023-DEP-49,NUI,_T,A,2024,_T,I551,_T,_T,A,0,3,D,F,1369.813836655
2023-DEP-46,NUI,_T,A,2024,_T,I551,_T,_T,A,0,3,D,F,497.66318718
2023-DEP-83,NUI,_T,A,2024,_T,I551,_T,_T,A,0,3,D,F,3805.799455921
2023-DEP-67,NUI,_T,A,2024,_T,I551,_T,_T,A,0,3,D,F,4424.746494291
2023-DEP-08,NUI,_T,A,2024,_T,I551,_T,_T,A,0,3,D,F,238.730854249
2023-DEP-17,NUI,_T,A,2024,_T,I551,_T,_T,A,0,3,D,F,2237.905335743
2023-DEP-58,NUI,_T,A,2024,_T,I551,_T,_T,A,0,3,D,F,344.251816183
2023-DEP-90,NUI,_T,A,2024,_T,I551,_T,_T,A,0,3,D,F,283.457933613
2023-DEP-65,NUI,_T,A,2024,_T,I551,_T,_T,A,0,3,D,F,2573.058055116
2023-DEP-60,NUI,_T,A,2024,_T,I551,_T,_T,A,0,3,D,F,1430.54711574
2023-DEP-60,NUI,_T,M,2024-10,_T,I551,_T,_T,A,2,3,D,F,131.516392335
2023-DEP-75,NUI,_T,M,2024-10,_T,I551,_T,_T,A,2,3,D,F,3638.193042072
2023-DEP-61,NUI,_T,M,2024-10,_T,I551,_T,_T,A,2,3,D,F,27.579907651
2023-DEP-27,NUI,_T,M,2024-10,_T,I551,_T,_T,A,2,3,D,F,45.335188053
2023-DEP-32,NUI,_T,M,2024-10,_T,I551,_T,_T,A,2,3,D,F,17.395999279
2023-DEP-50,NUI,_T,M,2024-10,_T,I551,_T,_T,A,2,3,D,F,92.546868145
2023-DEP-07,NUI,_T,M,2024-10,_T,I551,_T,_T,A,2,3,D,F,43.730603746
2023-DEP-70,NUI,_T,M,2024-10,_T,I551,_T,_T,A,2,3,D,F,11.022065491
2023-DEP-37,NUI,_T,M,2024-10,_T,I551,_T,_T,A,2,3,D,F,153.186018702
2023-DEP-49,NUI,_T,M,2024-10,_T,I551,_T,_T,A,2,3,D,F,124.51539752
2023-DEP-41,NUI,_T,M,2024-10,_T,I551,_T,_T,A,2,3,D,F,85.814051807
2023-DEP-01,NUI,_T,M,2024-10,_T,I551,_T,_T,A,2,3,D,F,84.105384168
2023-DEP-14,NUI,_T,M,2024-10,_T,I551,_T,_T,A,2,3,D,F,295.696568357
2023-DEP-72,NUI,_T,M,2024-10,_T,I551,_T,_T,A,2,3,D,F,68.054000971
2023-DEP-18,NUI,_T,M,2024-10,_T,I551,_T,_T,A,2,3,D,F,57.28890709
2023-DEP-47,NUI,_T,M,2024-10,_T,I551,_T,_T,A,2,3,D,F,37.178852285
2023-DEP-71,NUI,_T,M,2024-10,_T,I551,_T,_T,A,2,3,D,F,106.306986524
2023-DEP-30,NUI,_T,M,2024-10,_T,I551,_T,_T,A,2,3,D,F,107.724358242
2023-DEP-67,NUI,_T,M,2024-10,_T,I551,_T,_T,A,2,3,D,F,393.149125126
2023-DEP-63,NUI,_T,M,2024-10,_T,I551,_T,_T,A,2,3,D,F,154.699804247
2023-DEP-31,NUI,_T,M,2024-10,_T,I551,_T,_T,A,2,3,D,F,266.434953451
2023-DEP-53,NUI,_T,M,2024-10,_T,I551,_T,_T,A,2,3,D,F,27.703404702
2023-DEP-972,NUI,_T,M,2024-10,_T,I551,_T,_T,A,2,3,D,F,66.745984614
2023-DEP-42,NUI,_T,M,2024-10,_T,I551,_T,_T,A,2,3,D,F,58.002001822
2023-DEP-54,NUI,_T,M,2024-10,_T,I551,_T,_T,A,2,3,D,F,85.861516305
2023-DEP-02,NUI,_T,M,2024-10,_T,I551,_T,_T,A,2,3,D,F,40.247206113
2023-DEP-38,NUI,_T,M,2024-10,_T,I551,_T,_T,A,2,3,D,F,147.859667379
2023-DEP-59,NUI,_T,M,2024-10,_T,I551,_T,_T,A,2,3,D,F,327.695625876
2023-DEP-06,NUI,_T,M,2024-10,_T,I551,_T,_T,A,2,3,D,F,809.575189537
2023-DEP-56,NUI,_T,M,2024-10,_T,I551,_T,_T,A,2,3,D,F,120.25292725
2023-DEP-21,NUI,_T,M,2024-10,_T,I551,_T,_T,A,2,3,D,F,217.818965991
2023-DEP-12,NUI,_T,M,2024-10,_T,I551,_T,_T,A,2,3,D,F,54.321067226
2023-DEP-16,NUI,_T,M,2024-10,_T,I551,_T,_T,A,2,3,D,F,39.249468219
2023-DEP-73,NUI,_T,M,2024-10,_T,I551,_T,_T,A,2,3,D,F,112.730446059
2023-DEP-55,NUI,_T,M,2024-10,_T,I551,_T,_T,A,2,3,D,F,15.082062387
2023-DEP-45,NUI,_T,M,2024-10,_T,I551,_T,_T,A,2,3,D,F,107.284879262
2023-DEP-09,NUI,_T,M,2024-10,_T,I551,_T,_T,A,2,3,D,F,15.498526369
2023-DEP-58,NUI,_T,M,2024-10,_T,I551,_T,_T,A,2,3,D,F,30.475577028
2023-DEP-43,NUI,_T,M,2024-10,_T,I551,_T,_T,A,2,3,D,F,27.077756925
2023-DEP-26,NUI,_T,M,2024-10,_T,I551,_T,_T,A,2,3,D,F,104.416627822
2023-DEP-40,NUI,_T,M,2024-10,_T,I551,_T,_T,A,2,3,D,F,87.057078197
2023-DEP-2A,NUI,_T,M,2024-10,_T,I551,_T,_T,A,2,3,D,F,155.495895093
2023-DEP-64,NUI,_T,M,2024-10,_T,I551,_T,_T,A,2,3,D,F,234.013914741
2023-DEP-10,NUI,_T,M,2024-10,_T,I551,_T,_T,A,2,3,D,F,62.894506247
2023-DEP-69,NUI,_T,M,2024-10,_T,I551,_T,_T,A,2,3,D,F,542.264421997
2023-DEP-62,NUI,_T,M,2024-10,_T,I551,_T,_T,A,2,3,D,F,205.104695916
2023-DEP-973,NUI,_T,M,2024-10,_T,I551,_T,_T,A,2,3,D,F,40.702620558
2023-DEP-23,NUI,_T,M,2024-10,_T,I551,_T,_T,A,2,3,D,F,11.813733743
2023-DEP-22,NUI,_T,M,2024-10,_T,I551,_T,_T,A,2,3,D,F,95.173785376
2023-DEP-68,NUI,_T,M,2024-10,_T,I551,_T,_T,A,2,3,D,F,273.650389188
2023-DEP-15,NUI,_T,M,2024-10,_T,I551,_T,_T,A,2,3,D,F,32.383050632
2023-DEP-39,NUI,_T,M,2024-10,_T,I551,_T,_T,A,2,3,D,F,37.746085248
2023-DEP-66,NUI,_T,M,2024-10,_T,I551,_T,_T,A,2,3,D,F,120.899950628
2023-DEP-34,NUI,_T,M,2024-10,_T,I551,_T,_T,A,2,3,D,F,255.801106681
2023-DEP-13,NUI,_T,M,2024-10,_T,I551,_T,_T,A,2,3,D,F,578.130790431
2023-DEP-29,NUI,_T,M,2024-10,_T,I551,_T,_T,A,2,3,D,F,133.782767359
2023-DEP-971,NUI,_T,M,2024-10,_T,I551,_T,_T,A,2,3,D,F,71.268276986
2023-DEP-43,NUI,_T,A,2024,_T,I551,_T,_T,A,0,3,D,F,309.711249881
2023-DEP-91,NUI,_T,A,2024,_T,I551,_T,_T,A,0,3,D,F,1985.784701124
2023-DEP-11,NUI,_T,M,2024-10,_T,I551,_T,_T,A,2,3,D,F,95.555937963
2023-DEP-17,NUI,_T,M,2024-10,_T,I551,_T,_T,A,2,3,D,F,179.01487278
2023-DEP-974,NUI,_T,M,2024-10,_T,I551,_T,_T,A,2,3,D,F,158.752341852
2023-DEP-976,NUI,_T,M,2024-10,_T,I551,_T,_T,A,2,3,D,F,16.521575448
2023-DEP-89,NUI,_T,A,2024,_T,I551,_T,_T,A,0,3,D,F,681.117436266
2023-DEP-03,NUI,_T,M,2024-10,_T,I551,_T,_T,A,2,3,D,F,60.481825502
2023-DEP-04,NUI,_T,M,2024-10,_T,I551,_T,_T,A,2,3,D,F,48.308579964
2023-DEP-05,NUI,_T,M,2024-10,_T,I551,_T,_T,A,2,3,D,F,34.922663847
2023-DEP-08,NUI,_T,M,2024-10,_T,I551,_T,_T,A,2,3,D,F,20.635404253
2023-DEP-19,NUI,_T,M,2024-10,_T,I551,_T,_T,A,2,3,D,F,41.428491845
2023-DEP-2B,NUI,_T,M,2024-10,_T,I551,_T,_T,A,2,3,D,F,105.16506923
2023-DEP-24,NUI,_T,M,2024-10,_T,I551,_T,_T,A,2,3,D,F,78.355981212
2023-DEP-25,NUI,_T,M,2024-10,_T,I551,_T,_T,A,2,3,D,F,84.501452593
2023-DEP-28,NUI,_T,M,2024-10,_T,I551,_T,_T,A,2,3,D,F,62.427428916
2023-DEP-33,NUI,_T,M,2024-10,_T,I551,_T,_T,A,2,3,D,F,411.739427072
2023-DEP-35,NUI,_T,M,2024-10,_T,I551,_T,_T,A,2,3,D,F,252.9658399
2023-DEP-36,NUI,_T,M,2024-10,_T,I551,_T,_T,A,2,3,D,F,32.53392165
2023-DEP-44,NUI,_T,M,2024-10,_T,I551,_T,_T,A,2,3,D,F,245.565639843
2023-DEP-46,NUI,_T,M,2024-10,_T,I551,_T,_T,A,2,3,D,F,38.6816442
2023-DEP-48,NUI,_T,M,2024-10,_T,I551,_T,_T,A,2,3,D,F,31.393227717
2023-DEP-51,NUI,_T,M,2024-10,_T,I551,_T,_T,A,2,3,D,F,154.888170008
2023-DEP-52,NUI,_T,M,2024-10,_T,I551,_T,_T,A,2,3,D,F,25.372592362
2023-DEP-57,NUI,_T,M,2024-10,_T,I551,_T,_T,A,2,3,D,F,153.177011693
2023-DEP-65,NUI,_T,M,2024-10,_T,I551,_T,_T,A,2,3,D,F,297.659225413
2023-DEP-74,NUI,_T,M,2024-10,_T,I551,_T,_T,A,2,3,D,F,288.061952229
2023-DEP-76,NUI,_T,M,2024-10,_T,I551,_T,_T,A,2,3,D,F,204.058013808
2023-DEP-77,NUI,_T,M,2024-10,_T,I551,_T,_T,A,2,3,D,F,836.446725988
2023-DEP-78,NUI,_T,M,2024-10,_T,I551,_T,_T,A,2,3,D,F,189.437769618
2023-DEP-79,NUI,_T,M,2024-10,_T,I551,_T,_T,A,2,3,D,F,33.524617554
2023-DEP-80,NUI,_T,M,2024-10,_T,I551,_T,_T,A,2,3,D,F,70.544859974
2023-DEP-81,NUI,_T,M,2024-10,_T,I551,_T,_T,A,2,3,D,F,36.409281919
2023-DEP-82,NUI,_T,M,2024-10,_T,I551,_T,_T,A,2,3,D,F,33.556912063
2023-DEP-83,NUI,_T,M,2024-10,_T,I551,_T,_T,A,2,3,D,F,278.40173795
2023-DEP-84,NUI,_T,M,2024-10,_T,I551,_T,_T,A,2,3,D,F,186.937717548
2023-DEP-85,NUI,_T,M,2024-10,_T,I551,_T,_T,A,2,3,D,F,133.077107078
2023-DEP-86,NUI,_T,M,2024-10,_T,I551,_T,_T,A,2,3,D,F,164.619956316
2023-DEP-87,NUI,_T,M,2024-10,_T,I551,_T,_T,A,2,3,D,F,54.201211064
2023-DEP-88,NUI,_T,M,2024-10,_T,I551,_T,_T,A,2,3,D,F,59.689725067
2023-DEP-89,NUI,_T,M,2024-10,_T,I551,_T,_T,A,2,3,D,F,59.518343315
2023-DEP-90,NUI,_T,M,2024-10,_T,I551,_T,_T,A,2,3,D,F,23.951510067
2023-DEP-91,NUI,_T,M,2024-10,_T,I551,_T,_T,A,2,3,D,F,179.55966287
2023-DEP-63,NUI,_T,A,2024,_T,I551,_T,_T,A,0,3,D,F,1871.26844097
2023-DEP-92,NUI,_T,M,2024-10,_T,I551,_T,_T,A,2,3,D,F,533.108476875
2023-DEP-93,NUI,_T,M,2024-10,_T,I551,_T,_T,A,2,3,D,F,403.495162488
2023-DEP-94,NUI,_T,M,2024-10,_T,I551,_T,_T,A,2,3,D,F,260.867787698
2023-DEP-95,NUI,_T,M,2024-10,_T,I551,_T,_T,A,2,3,D,F,334.311607961
2023-DEP-66,NUI,_T,A,2024,_T,I551,_T,_T,A,0,3,D,F,1628.531907291
2023-DEP-75,NUI,_T,A,2024,_T,I551,_T,_T,A,0,3,D,F,38552.782918478
2023-DEP-94,NUI,_T,A,2024,_T,I551,_T,_T,A,0,3,D,F,2714.935953612
2023-DEP-25,NUI,_T,A,2024,_T,I551,_T,_T,A,0,3,D,F,952.788434239
2023-DEP-08,NUI,_T,M,2024-11,_T,I551,_T,_T,A,2,3,D,F,17.80691188
2023-DEP-74,NUI,_T,M,2024-11,_T,I551,_T,_T,A,2,3,D,F,228.787381744
2023-DEP-75,NUI,_T,M,2024-11,_T,I551,_T,_T,A,2,3,D,F,3189.526530067
2023-DEP-03,NUI,_T,M,2024-11,_T,I551,_T,_T,A,2,3,D,F,42.262087629
2023-DEP-58,NUI,_T,M,2024-11,_T,I551,_T,_T,A,2,3,D,F,22.766345197
2023-DEP-971,NUI,_T,M,2024-11,_T,I551,_T,_T,A,2,3,D,F,103.29465626
2023-DEP-67,NUI,_T,M,2024-11,_T,I551,_T,_T,A,2,3,D,F,352.483861006
2023-DEP-976,NUI,_T,M,2024-11,_T,I551,_T,_T,A,2,3,D,F,14.526350738
2023-DEP-10,NUI,_T,M,2024-11,_T,I551,_T,_T,A,2,3,D,F,48.39210586
2023-DEP-42,NUI,_T,A,2024,_T,I551,_T,_T,A,0,3,D,F,657.147568009
2023-DEP-77,NUI,_T,M,2024-11,_T,I551,_T,_T,A,2,3,D,F,728.126253315
2023-DEP-69,NUI,_T,A,2024,_T,I551,_T,_T,A,0,3,D,F,6220.445658999
2023-DEP-62,NUI,_T,M,2024-11,_T,I551,_T,_T,A,2,3,D,F,181.498218208
2023-DEP-51,NUI,_T,A,2024,_T,I551,_T,_T,A,0,3,D,F,1724.15142111
2023-DEP-07,NUI,_T,M,2024-11,_T,I551,_T,_T,A,2,3,D,F,26.896828765
2023-DEP-2B,NUI,_T,M,2024-11,_T,I551,_T,_T,A,2,3,D,F,23.602478039
2023-DEP-72,NUI,_T,M,2024-11,_T,I551,_T,_T,A,2,3,D,F,59.88653788
2023-DEP-24,NUI,_T,M,2024-11,_T,I551,_T,_T,A,2,3,D,F,46.337081532
2023-DEP-95,NUI,_T,M,2024-11,_T,I551,_T,_T,A,2,3,D,F,270.185408431
2023-DEP-09,NUI,_T,A,2024,_T,I551,_T,_T,A,0,3,D,F,210.397158314
2023-DEP-14,NUI,_T,M,2024-11,_T,I551,_T,_T,A,2,3,D,F,207.462745657
2023-DEP-30,NUI,_T,M,2024-11,_T,I551,_T,_T,A,2,3,D,F,69.675212199
2023-DEP-05,NUI,_T,M,2024-11,_T,I551,_T,_T,A,2,3,D,F,27.100826894
2023-DEP-63,NUI,_T,M,2024-11,_T,I551,_T,_T,A,2,3,D,F,111.898133782
2023-DEP-53,NUI,_T,M,2024-11,_T,I551,_T,_T,A,2,3,D,F,22.988098303
2023-DEP-88,NUI,_T,M,2024-11,_T,I551,_T,_T,A,2,3,D,F,44.759133568
2023-DEP-71,NUI,_T,A,2024,_T,I551,_T,_T,A,0,3,D,F,1356.558925727
2023-DEP-36,NUI,_T,M,2024-11,_T,I551,_T,_T,A,2,3,D,F,25.831189394
2023-DEP-37,NUI,_T,A,2024,_T,I551,_T,_T,A,0,3,D,F,1843.586294665
2023-DEP-70,NUI,_T,M,2024-11,_T,I551,_T,_T,A,2,3,D,F,8.814601003
2023-DEP-35,NUI,_T,M,2024-11,_T,I551,_T,_T,A,2,3,D,F,197.684721837
2023-DEP-42,NUI,_T,M,2024-11,_T,I551,_T,_T,A,2,3,D,F,56.074406786
2023-DEP-89,NUI,_T,M,2024-11,_T,I551,_T,_T,A,2,3,D,F,45.357406978
2023-DEP-95,NUI,_T,A,2024,_T,I551,_T,_T,A,0,3,D,F,3648.011899606
2023-DEP-2A,NUI,_T,M,2024-11,_T,I551,_T,_T,A,2,3,D,F,30.844234717
2023-DEP-87,NUI,_T,M,2024-11,_T,I551,_T,_T,A,2,3,D,F,43.986814929
2023-DEP-16,NUI,_T,M,2024-11,_T,I551,_T,_T,A,2,3,D,F,33.359064614
2023-DEP-33,NUI,_T,A,2024,_T,I551,_T,_T,A,0,3,D,F,4679.474924442
2023-DEP-23,NUI,_T,M,2024-11,_T,I551,_T,_T,A,2,3,D,F,8.537850631
2023-DEP-19,NUI,_T,M,2024-11,_T,I551,_T,_T,A,2,3,D,F,32.641648726
2023-DEP-971,NUI,_T,A,2024,_T,I551,_T,_T,A,0,3,D,F,1280.654681819
2023-DEP-51,NUI,_T,M,2024-11,_T,I551,_T,_T,A,2,3,D,F,126.416940744
2023-DEP-61,NUI,_T,M,2024-11,_T,I551,_T,_T,A,2,3,D,F,22.24996954
2023-DEP-82,NUI,_T,M,2024-11,_T,I551,_T,_T,A,2,3,D,F,28.334522184
2023-DEP-28,NUI,_T,M,2024-11,_T,I551,_T,_T,A,2,3,D,F,52.769570472
2023-DEP-46,NUI,_T,M,2024-11,_T,I551,_T,_T,A,2,3,D,F,18.669488958
2023-DEP-49,NUI,_T,M,2024-11,_T,I551,_T,_T,A,2,3,D,F,96.935736689
2023-DEP-84,NUI,_T,M,2024-11,_T,I551,_T,_T,A,2,3,D,F,114.986218155
2023-DEP-22,NUI,_T,A,2024,_T,I551,_T,_T,A,0,3,D,F,1208.143148386
2023-DEP-81,NUI,_T,M,2024-11,_T,I551,_T,_T,A,2,3,D,F,26.08666545
2023-DEP-92,NUI,_T,M,2024-11,_T,I551,_T,_T,A,2,3,D,F,453.020521997
2023-DEP-71,NUI,_T,M,2024-11,_T,I551,_T,_T,A,2,3,D,F,82.722025555
2023-DEP-02,NUI,_T,A,2024,_T,I551,_T,_T,A,0,3,D,F,467.163943288
2023-DEP-13,NUI,_T,M,2024-11,_T,I551,_T,_T,A,2,3,D,F,413.639116481
2023-DEP-59,NUI,_T,M,2024-11,_T,I551,_T,_T,A,2,3,D,F,317.389267285
2023-DEP-07,NUI,_T,A,2024,_T,I551,_T,_T,A,0,3,D,F,596.020964124
2023-DEP-68,NUI,_T,M,2024-11,_T,I551,_T,_T,A,2,3,D,F,218.382339178
2023-DEP-79,NUI,_T,M,2024-11,_T,I551,_T,_T,A,2,3,D,F,27.590347765
2023-DEP-28,NUI,_T,A,2024,_T,I551,_T,_T,A,0,3,D,F,711.248282221
2023-DEP-54,NUI,_T,M,2024-11,_T,I551,_T,_T,A,2,3,D,F,75.378742376
2023-DEP-06,NUI,_T,M,2024-11,_T,I551,_T,_T,A,2,3,D,F,463.246466277
2023-DEP-70,NUI,_T,A,2024,_T,I551,_T,_T,A,0,3,D,F,125.854978908
2023-DEP-57,NUI,_T,A,2024,_T,I551,_T,_T,A,0,3,D,F,1722.922321459
2023-DEP-93,NUI,_T,M,2024-11,_T,I551,_T,_T,A,2,3,D,F,330.208627942
2023-DEP-90,NUI,_T,M,2024-11,_T,I551,_T,_T,A,2,3,D,F,18.781364877
2023-DEP-66,NUI,_T,M,2024-11,_T,I551,_T,_T,A,2,3,D,F,88.565209364
2023-DEP-85,NUI,_T,M,2024-11,_T,I551,_T,_T,A,2,3,D,F,85.459944823
2023-DEP-45,NUI,_T,M,2024-11,_T,I551,_T,_T,A,2,3,D,F,87.218397062
2023-DEP-60,NUI,_T,M,2024-11,_T,I551,_T,_T,A,2,3,D,F,98.366455992
2023-DEP-50,NUI,_T,M,2024-11,_T,I551,_T,_T,A,2,3,D,F,66.185021384
2023-DEP-92,NUI,_T,A,2024,_T,I551,_T,_T,A,0,3,D,F,5481.306740165
2023-DEP-973,NUI,_T,A,2024,_T,I551,_T,_T,A,0,3,D,F,415.009026136
2023-DEP-47,NUI,_T,A,2024,_T,I551,_T,_T,A,0,3,D,F,443.799231465
2023-DEP-86,NUI,_T,A,2024,_T,I551,_T,_T,A,0,3,D,F,1780.973382716
2023-DEP-93,NUI,_T,A,2024,_T,I551,_T,_T,A,0,3,D,F,4152.097341225
2023-DEP-34,NUI,_T,A,2024,_T,I551,_T,_T,A,0,3,D,F,3266.17963671
2023-DEP-01,NUI,_T,A,2024,_T,I551,_T,_T,A,0,3,D,F,1072.422160781
2023-DEP-81,NUI,_T,A,2024,_T,I551,_T,_T,A,0,3,D,F,426.362254549
2023-DEP-50,NUI,_T,A,2024,_T,I551,_T,_T,A,0,3,D,F,1155.007080658
2023-DEP-2B,NUI,_T,A,2024,_T,I551,_T,_T,A,0,3,D,F,1417.976805459
2023-DEP-74,NUI,_T,A,2024,_T,I551,_T,_T,A,0,3,D,F,5243.069224695
2023-DEP-972,NUI,_T,M,2024-11,_T,I551,_T,_T,A,2,3,D,F,97.60608661
2023-DEP-973,NUI,_T,M,2024-11,_T,I551,_T,_T,A,2,3,D,F,36.683485925
2023-DEP-974,NUI,_T,M,2024-11,_T,I551,_T,_T,A,2,3,D,F,152.309483667
2023-DEP-82,NUI,_T,A,2024,_T,I551,_T,_T,A,0,3,D,F,353.124726443
2023-DEP-01,NUI,_T,M,2024-11,_T,I551,_T,_T,A,2,3,D,F,71.560431183
2023-DEP-02,NUI,_T,M,2024-11,_T,I551,_T,_T,A,2,3,D,F,33.338294812
2023-DEP-04,NUI,_T,M,2024-11,_T,I551,_T,_T,A,2,3,D,F,28.85277057
2023-DEP-09,NUI,_T,M,2024-11,_T,I551,_T,_T,A,2,3,D,F,11.538694245
2023-DEP-976,NUI,_T,A,2024,_T,I551,_T,_T,A,0,3,D,F,166.87504833
2023-DEP-11,NUI,_T,M,2024-11,_T,I551,_T,_T,A,2,3,D,F,62.349521332
2023-DEP-12,NUI,_T,M,2024-11,_T,I551,_T,_T,A,2,3,D,F,31.303486233
2023-DEP-15,NUI,_T,M,2024-11,_T,I551,_T,_T,A,2,3,D,F,18.349142842
2023-DEP-17,NUI,_T,M,2024-11,_T,I551,_T,_T,A,2,3,D,F,128.304597473
2023-DEP-18,NUI,_T,M,2024-11,_T,I551,_T,_T,A,2,3,D,F,39.095957608
2023-DEP-44,NUI,_T,A,2024,_T,I551,_T,_T,A,0,3,D,F,2910.885739233
2023-DEP-21,NUI,_T,M,2024-11,_T,I551,_T,_T,A,2,3,D,F,165.368544721
2023-DEP-22,NUI,_T,M,2024-11,_T,I551,_T,_T,A,2,3,D,F,68.307031716
2023-DEP-25,NUI,_T,M,2024-11,_T,I551,_T,_T,A,2,3,D,F,68.493103025
2023-DEP-26,NUI,_T,M,2024-11,_T,I551,_T,_T,A,2,3,D,F,69.381180505
2023-DEP-27,NUI,_T,M,2024-11,_T,I551,_T,_T,A,2,3,D,F,39.614935247
2023-DEP-29,NUI,_T,M,2024-11,_T,I551,_T,_T,A,2,3,D,F,106.505194812
2023-DEP-31,NUI,_T,M,2024-11,_T,I551,_T,_T,A,2,3,D,F,226.913459176
2023-DEP-32,NUI,_T,M,2024-11,_T,I551,_T,_T,A,2,3,D,F,11.998020441
2023-DEP-33,NUI,_T,M,2024-11,_T,I551,_T,_T,A,2,3,D,F,309.24129447
2023-DEP-34,NUI,_T,M,2024-11,_T,I551,_T,_T,A,2,3,D,F,203.640491669
2023-DEP-37,NUI,_T,M,2024-11,_T,I551,_T,_T,A,2,3,D,F,108.030959564
2023-DEP-38,NUI,_T,M,2024-11,_T,I551,_T,_T,A,2,3,D,F,129.043040989
2023-DEP-39,NUI,_T,M,2024-11,_T,I551,_T,_T,A,2,3,D,F,29.271083639
2023-DEP-40,NUI,_T,M,2024-11,_T,I551,_T,_T,A,2,3,D,F,70.670502031
2023-DEP-41,NUI,_T,M,2024-11,_T,I551,_T,_T,A,2,3,D,F,54.830727961
2023-DEP-43,NUI,_T,M,2024-11,_T,I551,_T,_T,A,2,3,D,F,19.287208701
2023-DEP-44,NUI,_T,M,2024-11,_T,I551,_T,_T,A,2,3,D,F,208.761825079
2023-DEP-47,NUI,_T,M,2024-11,_T,I551,_T,_T,A,2,3,D,F,33.854100775
2023-DEP-48,NUI,_T,M,2024-11,_T,I551,_T,_T,A,2,3,D,F,11.371381113
2023-DEP-52,NUI,_T,M,2024-11,_T,I551,_T,_T,A,2,3,D,F,19.350562801
2023-DEP-972,NUI,_T,A,2024,_T,I551,_T,_T,A,0,3,D,F,1209.984372373
2023-DEP-55,NUI,_T,M,2024-11,_T,I551,_T,_T,A,2,3,D,F,11.92682634
2023-DEP-56,NUI,_T,M,2024-11,_T,I551,_T,_T,A,2,3,D,F,97.475222452
2023-DEP-57,NUI,_T,M,2024-11,_T,I551,_T,_T,A,2,3,D,F,128.35580573
2023-DEP-64,NUI,_T,M,2024-11,_T,I551,_T,_T,A,2,3,D,F,161.455357603
2023-DEP-65,NUI,_T,M,2024-11,_T,I551,_T,_T,A,2,3,D,F,62.394509127
2023-DEP-69,NUI,_T,M,2024-11,_T,I551,_T,_T,A,2,3,D,F,515.997695769
2023-DEP-73,NUI,_T,M,2024-11,_T,I551,_T,_T,A,2,3,D,F,108.78569355
2023-DEP-76,NUI,_T,M,2024-11,_T,I551,_T,_T,A,2,3,D,F,171.225744403
2023-DEP-78,NUI,_T,M,2024-11,_T,I551,_T,_T,A,2,3,D,F,158.889965543
2023-DEP-80,NUI,_T,M,2024-11,_T,I551,_T,_T,A,2,3,D,F,58.379398266
2023-DEP-83,NUI,_T,M,2024-11,_T,I551,_T,_T,A,2,3,D,F,157.585560325
2023-DEP-86,NUI,_T,M,2024-11,_T,I551,_T,_T,A,2,3,D,F,107.647511369
2023-DEP-91,NUI,_T,M,2024-11,_T,I551,_T,_T,A,2,3,D,F,154.959962758
2023-DEP-94,NUI,_T,M,2024-11,_T,I551,_T,_T,A,2,3,D,F,215.179543126
2023-DEP-15,NUI,_T,A,2024,_T,I551,_T,_T,A,0,3,D,F,428.827871914
2023-DEP-03,NUI,_T,A,2024,_T,I551,_T,_T,A,0,3,D,F,716.611644656
2023-DEP-38,NUI,_T,A,2024,_T,I551,_T,_T,A,0,3,D,F,2299.82822641
2023-DEP-976,NUI,_T,M,2024-12,_T,I551,_T,_T,O,2,3,D,F,2299.82822641
2023-DEP-56,NUI,_T,A,2024,_T,I551,_T,_T,A,0,3,D,F,1659.249878006
2023-DEP-46,NUI,_T,M,2024-12,_T,I551,_T,_T,A,2,3,D,F,12.833024179
2023-DEP-86,NUI,_T,M,2024-12,_T,I551,_T,_T,A,2,3,D,F,117.271080218
2023-DEP-973,NUI,_T,M,2024-12,_T,I551,_T,_T,A,2,3,D,F,36.37807374
2023-DEP-92,NUI,_T,M,2024-12,_T,I551,_T,_T,A,2,3,D,F,464.367788935
2023-DEP-23,NUI,_T,M,2024-12,_T,I551,_T,_T,A,2,3,D,F,6.474701393
2023-DEP-40,NUI,_T,A,2024,_T,I551,_T,_T,A,0,3,D,F,1050.347429668
2023-DEP-62,NUI,_T,M,2024-12,_T,I551,_T,_T,A,2,3,D,F,170.743127361
2023-DEP-19,NUI,_T,M,2024-12,_T,I551,_T,_T,A,2,3,D,F,25.692246767
2023-DEP-45,NUI,_T,M,2024-12,_T,I551,_T,_T,A,2,3,D,F,80.180971858
2023-DEP-94,NUI,_T,M,2024-12,_T,I551,_T,_T,A,2,3,D,F,226.240613872
2023-DEP-06,NUI,_T,A,2024,_T,I551,_T,_T,A,0,3,D,F,9779.820119154
2023-DEP-36,NUI,_T,M,2024-12,_T,I551,_T,_T,A,2,3,D,F,24.661709842
2023-DEP-68,NUI,_T,M,2024-12,_T,I551,_T,_T,A,2,3,D,F,366.356812107
2023-DEP-50,NUI,_T,M,2024-12,_T,I551,_T,_T,A,2,3,D,F,49.791369592
2023-DEP-72,NUI,_T,M,2024-12,_T,I551,_T,_T,A,2,3,D,F,47.366142018
2023-DEP-58,NUI,_T,M,2024-12,_T,I551,_T,_T,A,2,3,D,F,20.100279649
2023-DEP-09,NUI,_T,M,2024-12,_T,I551,_T,_T,A,2,3,D,F,12.215309856
2023-DEP-93,NUI,_T,M,2024-12,_T,I551,_T,_T,A,2,3,D,F,335.297704607
2023-DEP-03,NUI,_T,M,2024-12,_T,I551,_T,_T,A,2,3,D,F,40.040672367
2023-DEP-80,NUI,_T,M,2024-12,_T,I551,_T,_T,A,2,3,D,F,54.316488151
2023-DEP-30,NUI,_T,M,2024-12,_T,I551,_T,_T,A,2,3,D,F,62.567718377
2023-DEP-49,NUI,_T,M,2024-12,_T,I551,_T,_T,A,2,3,D,F,76.491172785
2023-DEP-27,NUI,_T,A,2024,_T,I551,_T,_T,A,0,3,D,F,541.192281754
2023-DEP-65,NUI,_T,M,2024-12,_T,I551,_T,_T,A,2,3,D,F,68.64845199
2023-DEP-2A,NUI,_T,M,2024-12,_T,I551,_T,_T,A,2,3,D,F,24.263826115
2023-DEP-91,NUI,_T,M,2024-12,_T,I551,_T,_T,A,2,3,D,F,148.11464891
2023-DEP-95,NUI,_T,M,2024-12,_T,I551,_T,_T,A,2,3,D,F,266.904686779
2023-DEP-69,NUI,_T,M,2024-12,_T,I551,_T,_T,A,2,3,D,F,487.989951058
2023-DEP-82,NUI,_T,M,2024-12,_T,I551,_T,_T,A,2,3,D,F,24.705869633
2023-DEP-21,NUI,_T,M,2024-12,_T,I551,_T,_T,A,2,3,D,F,152.447969905
2023-DEP-43,NUI,_T,M,2024-12,_T,I551,_T,_T,A,2,3,D,F,11.913330611
2023-DEP-41,NUI,_T,M,2024-12,_T,I551,_T,_T,A,2,3,D,F,45.984012179
2023-DEP-53,NUI,_T,M,2024-12,_T,I551,_T,_T,A,2,3,D,F,19.232463955
2023-DEP-78,NUI,_T,A,2024,_T,I551,_T,_T,A,0,3,D,F,2025.756603634
2023-DEP-24,NUI,_T,M,2024-12,_T,I551,_T,_T,A,2,3,D,F,35.37450857
2023-DEP-38,NUI,_T,M,2024-12,_T,I551,_T,_T,A,2,3,D,F,195.114397586
2023-DEP-87,NUI,_T,M,2024-12,_T,I551,_T,_T,A,2,3,D,F,38.711476775
2023-DEP-26,NUI,_T,M,2024-12,_T,I551,_T,_T,A,2,3,D,F,69.778031002
2023-DEP-04,NUI,_T,M,2024-12,_T,I551,_T,_T,A,2,3,D,F,33.788507891
2023-DEP-64,NUI,_T,M,2024-12,_T,I551,_T,_T,A,2,3,D,F,136.776076087
2023-DEP-31,NUI,_T,M,2024-12,_T,I551,_T,_T,A,2,3,D,F,212.185397366
2023-DEP-89,NUI,_T,M,2024-12,_T,I551,_T,_T,A,2,3,D,F,39.022807471
2023-DEP-68,NUI,_T,A,2024,_T,I551,_T,_T,A,0,3,D,F,3035.948113849
2023-DEP-05,NUI,_T,M,2024-12,_T,I551,_T,_T,A,2,3,D,F,72.303255155
2023-DEP-77,NUI,_T,M,2024-12,_T,I551,_T,_T,A,2,3,D,F,788.153711129
2023-DEP-70,NUI,_T,M,2024-12,_T,I551,_T,_T,A,2,3,D,F,7.688256087
2023-DEP-87,NUI,_T,A,2024,_T,I551,_T,_T,A,0,3,D,F,614.809322837
2023-DEP-33,NUI,_T,M,2024-12,_T,I551,_T,_T,A,2,3,D,F,279.759892315
2023-DEP-25,NUI,_T,M,2024-12,_T,I551,_T,_T,A,2,3,D,F,66.398302742
2023-DEP-60,NUI,_T,M,2024-12,_T,I551,_T,_T,A,2,3,D,F,97.049090913
2023-DEP-55,NUI,_T,A,2024,_T,I551,_T,_T,A,0,3,D,F,178.311860136
2023-DEP-71,NUI,_T,M,2024-12,_T,I551,_T,_T,A,2,3,D,F,80.800500123
2023-DEP-56,NUI,_T,M,2024-12,_T,I551,_T,_T,A,2,3,D,F,78.221418689
2023-DEP-01,NUI,_T,M,2024-12,_T,I551,_T,_T,A,2,3,D,F,74.727985018
2023-DEP-80,NUI,_T,A,2024,_T,I551,_T,_T,A,0,3,D,F,876.947439896
2023-DEP-73,NUI,_T,M,2024-12,_T,I551,_T,_T,A,2,3,D,F,437.003202792
2023-DEP-76,NUI,_T,M,2024-12,_T,I551,_T,_T,A,2,3,D,F,140.789326955
2023-DEP-55,NUI,_T,M,2024-12,_T,I551,_T,_T,A,2,3,D,F,9.126410416
2023-DEP-13,NUI,_T,A,2024,_T,I551,_T,_T,A,0,3,D,F,6600.117458154
2023-DEP-79,NUI,_T,A,2024,_T,I551,_T,_T,A,0,3,D,F,414.17575843
2023-DEP-14,NUI,_T,A,2024,_T,I551,_T,_T,A,0,3,D,F,3448.447469097
2023-DEP-24,NUI,_T,A,2024,_T,I551,_T,_T,A,0,3,D,F,907.983495037
2023-DEP-32,NUI,_T,A,2024,_T,I551,_T,_T,A,0,3,D,F,187.446909432
2023-DEP-10,NUI,_T,A,2024,_T,I551,_T,_T,A,0,3,D,F,762.070586506
2023-DEP-35,NUI,_T,A,2024,_T,I551,_T,_T,A,0,3,D,F,2898.496572414
2023-DEP-971,NUI,_T,M,2024-12,_T,I551,_T,_T,A,2,3,D,F,124.609970287
2023-DEP-972,NUI,_T,M,2024-12,_T,I551,_T,_T,A,2,3,D,F,118.166852581
2023-DEP-974,NUI,_T,M,2024-12,_T,I551,_T,_T,A,2,3,D,F,141.661019862
2023-DEP-02,NUI,_T,M,2024-12,_T,I551,_T,_T,A,2,3,D,F,30.663276775
2023-DEP-06,NUI,_T,M,2024-12,_T,I551,_T,_T,A,2,3,D,F,458.344189102
2023-DEP-07,NUI,_T,M,2024-12,_T,I551,_T,_T,A,2,3,D,F,15.602911069
2023-DEP-08,NUI,_T,M,2024-12,_T,I551,_T,_T,A,2,3,D,F,13.864692753
2023-DEP-10,NUI,_T,M,2024-12,_T,I551,_T,_T,A,2,3,D,F,44.815786254
2023-DEP-11,NUI,_T,M,2024-12,_T,I551,_T,_T,A,2,3,D,F,73.621785703
2023-DEP-12,NUI,_T,M,2024-12,_T,I551,_T,_T,A,2,3,D,F,24.191298594
2023-DEP-13,NUI,_T,M,2024-12,_T,I551,_T,_T,A,2,3,D,F,369.353081985
2023-DEP-14,NUI,_T,M,2024-12,_T,I551,_T,_T,A,2,3,D,F,162.877329608
2023-DEP-15,NUI,_T,M,2024-12,_T,I551,_T,_T,A,2,3,D,F,15.244550279
2023-DEP-16,NUI,_T,M,2024-12,_T,I551,_T,_T,A,2,3,D,F,26.616947069
2023-DEP-17,NUI,_T,M,2024-12,_T,I551,_T,_T,A,2,3,D,F,100.8206148
2023-DEP-18,NUI,_T,M,2024-12,_T,I551,_T,_T,A,2,3,D,F,42.67921966
2023-DEP-2B,NUI,_T,M,2024-12,_T,I551,_T,_T,A,2,3,D,F,19.155560048
2023-DEP-22,NUI,_T,M,2024-12,_T,I551,_T,_T,A,2,3,D,F,57.693241275
2023-DEP-27,NUI,_T,M,2024-12,_T,I551,_T,_T,A,2,3,D,F,32.550748831
2023-DEP-28,NUI,_T,M,2024-12,_T,I551,_T,_T,A,2,3,D,F,45.755414946
2023-DEP-29,NUI,_T,M,2024-12,_T,I551,_T,_T,A,2,3,D,F,84.463590794
2023-DEP-32,NUI,_T,M,2024-12,_T,I551,_T,_T,A,2,3,D,F,9.682939648
2023-DEP-34,NUI,_T,M,2024-12,_T,I551,_T,_T,A,2,3,D,F,174.520367676
2023-DEP-35,NUI,_T,M,2024-12,_T,I551,_T,_T,A,2,3,D,F,168.112237851
2023-DEP-37,NUI,_T,M,2024-12,_T,I551,_T,_T,A,2,3,D,F,104.923556237
2023-DEP-39,NUI,_T,M,2024-12,_T,I551,_T,_T,A,2,3,D,F,27.030672897
2023-DEP-40,NUI,_T,M,2024-12,_T,I551,_T,_T,A,2,3,D,F,37.981854839
2023-DEP-42,NUI,_T,M,2024-12,_T,I551,_T,_T,A,2,3,D,F,45.84918179
2023-DEP-44,NUI,_T,M,2024-12,_T,I551,_T,_T,A,2,3,D,F,180.63746312
2023-DEP-47,NUI,_T,M,2024-12,_T,I551,_T,_T,A,2,3,D,F,25.928800567
2023-DEP-48,NUI,_T,M,2024-12,_T,I551,_T,_T,A,2,3,D,F,8.430797135
2023-DEP-51,NUI,_T,M,2024-12,_T,I551,_T,_T,A,2,3,D,F,127.800988718
2023-DEP-52,NUI,_T,M,2024-12,_T,I551,_T,_T,A,2,3,D,F,16.49022494
2023-DEP-54,NUI,_T,M,2024-12,_T,I551,_T,_T,A,2,3,D,F,81.259930922
2023-DEP-57,NUI,_T,M,2024-12,_T,I551,_T,_T,A,2,3,D,F,141.421326662
2023-DEP-59,NUI,_T,M,2024-12,_T,I551,_T,_T,A,2,3,D,F,300.944733055
2023-DEP-61,NUI,_T,M,2024-12,_T,I551,_T,_T,A,2,3,D,F,17.183988843
2023-DEP-63,NUI,_T,M,2024-12,_T,I551,_T,_T,A,2,3,D,F,112.741239435
2023-DEP-66,NUI,_T,M,2024-12,_T,I551,_T,_T,A,2,3,D,F,113.579290849
2023-DEP-67,NUI,_T,M,2024-12,_T,I551,_T,_T,A,2,3,D,F,545.471573982
2023-DEP-74,NUI,_T,M,2024-12,_T,I551,_T,_T,A,2,3,D,F,424.133541762
2023-DEP-75,NUI,_T,M,2024-12,_T,I551,_T,_T,A,2,3,D,F,3451.788331848
2023-DEP-78,NUI,_T,M,2024-12,_T,I551,_T,_T,A,2,3,D,F,152.094278832
2023-DEP-79,NUI,_T,M,2024-12,_T,I551,_T,_T,A,2,3,D,F,23.814051549
2023-DEP-81,NUI,_T,M,2024-12,_T,I551,_T,_T,A,2,3,D,F,24.685010049
2023-DEP-83,NUI,_T,M,2024-12,_T,I551,_T,_T,A,2,3,D,F,127.484088015
2023-DEP-84,NUI,_T,M,2024-12,_T,I551,_T,_T,A,2,3,D,F,95.865052283
2023-DEP-85,NUI,_T,M,2024-12,_T,I551,_T,_T,A,2,3,D,F,56.55350719
2023-DEP-88,NUI,_T,M,2024-12,_T,I551,_T,_T,A,2,3,D,F,63.02150518
2023-DEP-90,NUI,_T,M,2024-12,_T,I551,_T,_T,A,2,3,D,F,24.918825504
2023-DEP-36,NUI,_T,A,2024,_T,I551,_T,_T,A,0,3,D,F,380.786971874
2023-DEP-19,NUI,_T,A,2024,_T,I551,_T,_T,A,0,3,D,F,485.827111694
2023-DEP-72,NUI,_T,A,2024,_T,I551,_T,_T,A,0,3,D,F,829.53512573
2023-DEP-04,NUI,_T,A,2024,_T,I551,_T,_T,A,0,3,D,F,769.652383996
2023-DEP-45,NUI,_T,A,2024,_T,I551,_T,_T,A,0,3,D,F,1306.948838415
2023-DEP-41,NUI,_T,A,2024,_T,I551,_T,_T,A,0,3,D,F,1008.245424462
2023-DEP-48,NUI,_T,A,2024,_T,I551,_T,_T,A,0,3,D,F,416.213440294
2023-DEP-61,NUI,_T,A,2024,_T,I551,_T,_T,A,0,3,D,F,300.353287482
2023-DEP-76,NUI,_T,A,2024,_T,I551,_T,_T,A,0,3,D,F,2469.20648185
2023-DEP-18,NUI,_T,A,2024,_T,I553,_T,_T,A,0,3,D,F,139.873
2023-DEP-34,NUI,_T,A,2024,_T,I553,_T,_T,A,0,3,D,F,10213.39
2023-DEP-21,NUI,_T,A,2024,_T,I553,_T,_T,A,0,3,D,F,447.414
2023-DEP-35,NUI,_T,A,2024,_T,I553,_T,_T,A,0,3,D,F,1383.233
2023-DEP-95,NUI,_T,A,2024,_T,I553,_T,_T,A,0,3,D,F,37.819
2023-DEP-75,NUI,_T,A,2024,_T,I553,_T,_T,O,0,3,D,F,37.819
2023-DEP-47,NUI,_T,A,2024,_T,I553,_T,_T,A,0,3,D,F,362.618
2023-DEP-86,NUI,_T,A,2024,_T,I553,_T,_T,A,0,3,D,F,400.707
2023-DEP-30,NUI,_T,A,2024,_T,I553,_T,_T,A,0,3,D,F,3570.614
2023-DEP-39,NUI,_T,A,2024,_T,I553,_T,_T,A,0,3,D,F,1176.701
2023-DEP-02,NUI,_T,A,2024,_T,I553,_T,_T,A,0,3,D,F,420.281
2023-DEP-67,NUI,_T,A,2024,_T,I553,_T,_T,A,0,3,D,F,617.388
2023-DEP-49,NUI,_T,A,2024,_T,I553,_T,_T,A,0,3,D,F,917.198
2023-DEP-54,NUI,_T,A,2024,_T,I553,_T,_T,A,0,3,D,F,129.739
2023-DEP-13,NUI,_T,A,2024,_T,I553,_T,_T,A,0,3,D,F,1863.824
2023-DEP-90,NUI,_T,A,2024,_T,I553,_T,_T,O,0,3,D,F,1863.824
2023-DEP-07,NUI,_T,A,2024,_T,I553,_T,_T,A,0,3,D,F,4577.922
2023-DEP-38,NUI,_T,A,2024,_T,I553,_T,_T,A,0,3,D,F,1166.623
2023-DEP-36,NUI,_T,A,2024,_T,I553,_T,_T,A,0,3,D,F,171.821
2023-DEP-06,NUI,_T,A,2024,_T,I553,_T,_T,A,0,3,D,F,836.082
2023-DEP-94,NUI,_T,A,2024,_T,I553,_T,_T,O,0,3,D,F,836.082
2023-DEP-50,NUI,_T,A,2024,_T,I553,_T,_T,A,0,3,D,F,1652.793
2023-DEP-71,NUI,_T,A,2024,_T,I553,_T,_T,A,0,3,D,F,630.323
2023-DEP-79,NUI,_T,A,2024,_T,I553,_T,_T,A,0,3,D,F,197.125
2023-DEP-03,NUI,_T,A,2024,_T,I553,_T,_T,A,0,3,D,F,365.389
2023-DEP-24,NUI,_T,A,2024,_T,I553,_T,_T,A,0,3,D,F,3657.117
2023-DEP-84,NUI,_T,A,2024,_T,I553,_T,_T,A,0,3,D,F,1920.192
2023-DEP-55,NUI,_T,A,2024,_T,I553,_T,_T,A,0,3,D,F,101.213
2023-DEP-08,NUI,_T,A,2024,_T,I553,_T,_T,A,0,3,D,F,207.58
2023-DEP-04,NUI,_T,A,2024,_T,I553,_T,_T,A,0,3,D,F,2179.344
2023-DEP-2B,NUI,_T,A,2024,_T,I553,_T,_T,A,0,3,D,F,2198.645
2023-DEP-83,NUI,_T,A,2024,_T,I553,_T,_T,A,0,3,D,F,9294.394
2023-DEP-82,NUI,_T,A,2024,_T,I553,_T,_T,A,0,3,D,F,195.616
2023-DEP-37,NUI,_T,A,2024,_T,I553,_T,_T,A,0,3,D,F,707.439
2023-DEP-23,NUI,_T,A,2024,_T,I553,_T,_T,A,0,3,D,F,179.684
2023-DEP-87,NUI,_T,A,2024,_T,I553,_T,_T,A,0,3,D,F,230.18
2023-DEP-80,NUI,_T,A,2024,_T,I553,_T,_T,A,0,3,D,F,1548.149
2023-DEP-77,NUI,_T,A,2024,_T,I553,_T,_T,A,0,3,D,F,1098.212
2023-DEP-42,NUI,_T,A,2024,_T,I553,_T,_T,A,0,3,D,F,169.189
2023-DEP-65,NUI,_T,A,2024,_T,I553,_T,_T,A,0,3,D,F,950.602
2023-DEP-85,NUI,_T,A,2024,_T,I553,_T,_T,A,0,3,D,F,9435.547
2023-DEP-74,NUI,_T,A,2024,_T,I553,_T,_T,A,0,3,D,F,1922.462
2023-DEP-40,NUI,_T,A,2024,_T,I553,_T,_T,A,0,3,D,F,7358.818
2023-DEP-17,NUI,_T,A,2024,_T,I553,_T,_T,A,0,3,D,F,8102.229
2023-DEP-72,NUI,_T,A,2024,_T,I553,_T,_T,A,0,3,D,F,361.774
2023-DEP-27,NUI,_T,A,2024,_T,I553,_T,_T,A,0,3,D,F,238.285
2023-DEP-46,NUI,_T,A,2024,_T,I553,_T,_T,A,0,3,D,F,1055.336
2023-DEP-92,NUI,_T,A,2024,_T,I553,_T,_T,O,0,3,D,F,1055.336
2023-DEP-88,NUI,_T,A,2024,_T,I553,_T,_T,A,0,3,D,F,835.103
2023-DEP-61,NUI,_T,A,2024,_T,I553,_T,_T,A,0,3,D,F,125.673
2023-DEP-2A,NUI,_T,A,2024,_T,I553,_T,_T,A,0,3,D,F,2125.216
2023-DEP-51,NUI,_T,A,2024,_T,I553,_T,_T,A,0,3,D,F,155.14
2023-DEP-64,NUI,_T,A,2024,_T,I553,_T,_T,A,0,3,D,F,2337.149
2023-DEP-28,NUI,_T,A,2024,_T,I553,_T,_T,A,0,3,D,F,88.247
2023-DEP-43,NUI,_T,A,2024,_T,I553,_T,_T,A,0,3,D,F,313.509
2023-DEP-09,NUI,_T,A,2024,_T,I553,_T,_T,A,0,3,D,F,559.208
2023-DEP-11,NUI,_T,A,2024,_T,I553,_T,_T,A,0,3,D,F,1774.628
2023-DEP-66,NUI,_T,A,2024,_T,I553,_T,_T,A,0,3,D,F,7625.126
2023-DEP-32,NUI,_T,A,2024,_T,I553,_T,_T,A,0,3,D,F,412.525
2023-DEP-10,NUI,_T,A,2024,_T,I553,_T,_T,A,0,3,D,F,236.503
2023-DEP-73,NUI,_T,A,2024,_T,I553,_T,_T,A,0,3,D,F,945.77
2023-DEP-78,NUI,_T,A,2024,_T,I553,_T,_T,A,0,3,D,F,266.633
2023-DEP-19,NUI,_T,A,2024,_T,I553,_T,_T,A,0,3,D,F,593.076
2023-DEP-57,NUI,_T,A,2024,_T,I553,_T,_T,A,0,3,D,F,406.363
2023-DEP-45,NUI,_T,A,2024,_T,I553,_T,_T,A,0,3,D,F,278.747
2023-DEP-63,NUI,_T,A,2024,_T,I553,_T,_T,A,0,3,D,F,1242.876
2023-DEP-48,NUI,_T,A,2024,_T,I553,_T,_T,A,0,3,D,F,618.821
2023-DEP-33,NUI,_T,A,2024,_T,I553,_T,_T,A,0,3,D,F,5404.847
2023-DEP-89,NUI,_T,A,2024,_T,I553,_T,_T,A,0,3,D,F,208.154
2023-DEP-29,NUI,_T,A,2024,_T,I553,_T,_T,A,0,3,D,F,4936.633
2023-DEP-93,NUI,_T,A,2024,_T,I553,_T,_T,O,0,3,D,F,4936.633
2023-DEP-16,NUI,_T,A,2024,_T,I553,_T,_T,A,0,3,D,F,165.672
2023-DEP-05,NUI,_T,A,2024,_T,I553,_T,_T,A,0,3,D,F,1369.24
2023-DEP-15,NUI,_T,A,2024,_T,I553,_T,_T,A,0,3,D,F,437.689
2023-DEP-41,NUI,_T,A,2024,_T,I553,_T,_T,A,0,3,D,F,1175.232
2023-DEP-22,NUI,_T,A,2024,_T,I553,_T,_T,A,0,3,D,F,2434.169
2023-DEP-62,NUI,_T,A,2024,_T,I553,_T,_T,A,0,3,D,F,930.907
2023-DEP-58,NUI,_T,A,2024,_T,I553,_T,_T,A,0,3,D,F,299.078
2023-DEP-68,NUI,_T,A,2024,_T,I553,_T,_T,A,0,3,D,F,844.064
2023-DEP-14,NUI,_T,A,2024,_T,I553,_T,_T,A,0,3,D,F,2581.18
2023-DEP-59,NUI,_T,A,2024,_T,I553,_T,_T,A,0,3,D,F,449.91
2023-DEP-56,NUI,_T,A,2024,_T,I553,_T,_T,A,0,3,D,F,4827.917
2023-DEP-69,NUI,_T,A,2024,_T,I553,_T,_T,A,0,3,D,F,313.593
2023-DEP-81,NUI,_T,A,2024,_T,I553,_T,_T,A,0,3,D,F,349.151
2023-DEP-60,NUI,_T,A,2024,_T,I553,_T,_T,A,0,3,D,F,154.821
2023-DEP-26,NUI,_T,A,2024,_T,I553,_T,_T,A,0,3,D,F,1773.756
2023-DEP-01,NUI,_T,A,2024,_T,I553,_T,_T,A,0,3,D,F,685.653
2023-DEP-53,NUI,_T,A,2024,_T,I553,_T,_T,A,0,3,D,F,112.955
2023-DEP-91,NUI,_T,A,2024,_T,I553,_T,_T,A,0,3,D,F,98.501
2023-DEP-76,NUI,_T,A,2024,_T,I553,_T,_T,A,0,3,D,F,764.921
2023-DEP-12,NUI,_T,A,2024,_T,I553,_T,_T,A,0,3,D,F,1200.058
2023-DEP-25,NUI,_T,A,2024,_T,I553,_T,_T,A,0,3,D,F,428.096
2023-DEP-31,NUI,_T,A,2024,_T,I553,_T,_T,A,0,3,D,F,297.922
2023-DEP-52,NUI,_T,A,2024,_T,I553,_T,_T,A,0,3,D,F,268.158
2023-DEP-44,NUI,_T,A,2024,_T,I553,_T,_T,A,0,3,D,F,2811.614
2023-DEP-81,NUI,_T,M,2024-01,_T,I551,_T,_T,A,2,3,D,F,21.86
2023-DEP-62,NUI,_T,M,2024-04,_T,I551,_T,_T,A,2,3,D,F,201.62
2023-DEP-81,NUI,_T,M,2024-07,_T,I551,_T,_T,A,2,3,D,F,43.27
2023-DEP-81,NUI,_T,M,2024-06,_T,I551,_T,_T,A,2,3,D,F,41.83
2023-DEP-62,NUI,_T,M,2024-05,_T,I551,_T,_T,A,2,3,D,F,250.12
2023-DEP-62,NUI,_T,M,2024-07,_T,I551,_T,_T,A,2,3,D,F,263.69
2023-DEP-62,NUI,_T,M,2024-03,_T,I551,_T,_T,A,2,3,D,F,191.77
2023-DEP-62,NUI,_T,M,2024-02,_T,I551,_T,_T,A,2,3,D,F,162.38
2023-DEP-62,NUI,_T,M,2024-06,_T,I551,_T,_T,A,2,3,D,F,235.76
2023-DEP-62,NUI,_T,M,2024-01,_T,I551,_T,_T,A,2,3,D,F,134.58
2023-DEP-81,NUI,_T,M,2024-03,_T,I551,_T,_T,A,2,3,D,F,35.46
2023-DEP-81,NUI,_T,M,2024-05,_T,I551,_T,_T,A,2,3,D,F,43.92
2023-DEP-81,NUI,_T,M,2024-02,_T,I551,_T,_T,A,2,3,D,F,25.33
2023-DEP-81,NUI,_T,M,2024-04,_T,I551,_T,_T,A,2,3,D,F,33.35
2023-DEP-65,NUI,_T,M,2024-02,_T,I551,_T,_T,A,2,3,D,F,93.4
2023-DEP-65,NUI,_T,M,2024-01,_T,I551,_T,_T,A,2,3,D,F,61.36
2023-DEP-94,NUI,_T,M,2024-01,_T,I551,_T,_T,A,2,3,D,F,198.94
2023-DEP-65,NUI,_T,M,2024-03,_T,I551,_T,_T,A,2,3,D,F,90.28
2023-DEP-94,NUI,_T,M,2024-05,_T,I551,_T,_T,A,2,3,D,F,244.74
2023-DEP-94,NUI,_T,M,2024-03,_T,I551,_T,_T,A,2,3,D,F,242.49
2023-DEP-65,NUI,_T,M,2024-05,_T,I551,_T,_T,A,2,3,D,F,325.87
2023-DEP-94,NUI,_T,M,2024-07,_T,I551,_T,_T,A,2,3,D,F,218.2
2023-DEP-05,NUI,_T,M,2024-05,_T,I551,_T,_T,A,2,3,D,F,42.49
2023-DEP-05,NUI,_T,M,2024-02,_T,I551,_T,_T,A,2,3,D,F,123.35
2023-DEP-65,NUI,_T,M,2024-06,_T,I551,_T,_T,A,2,3,D,F,274.34
2023-DEP-94,NUI,_T,M,2024-02,_T,I551,_T,_T,A,2,3,D,F,185.37
2023-DEP-94,NUI,_T,M,2024-04,_T,I551,_T,_T,A,2,3,D,F,238.26
2023-DEP-05,NUI,_T,M,2024-07,_T,I551,_T,_T,A,2,3,D,F,107.83
2023-DEP-65,NUI,_T,M,2024-04,_T,I551,_T,_T,A,2,3,D,F,252.35
2023-DEP-05,NUI,_T,M,2024-04,_T,I551,_T,_T,A,2,3,D,F,41.83
2023-DEP-05,NUI,_T,M,2024-01,_T,I551,_T,_T,A,2,3,D,F,110.1
2023-DEP-05,NUI,_T,M,2024-03,_T,I551,_T,_T,A,2,3,D,F,103.23
2023-DEP-94,NUI,_T,M,2024-06,_T,I551,_T,_T,A,2,3,D,F,239.5
2023-DEP-65,NUI,_T,M,2024-07,_T,I551,_T,_T,A,2,3,D,F,343.78
2023-DEP-12,NUI,_T,M,2024-02,_T,I551,_T,_T,A,2,3,D,F,28.16
2023-DEP-05,NUI,_T,M,2024-06,_T,I551,_T,_T,A,2,3,D,F,69.16
2023-DEP-12,NUI,_T,M,2024-03,_T,I551,_T,_T,A,2,3,D,F,35.88
2023-DEP-12,NUI,_T,M,2024-05,_T,I551,_T,_T,A,2,3,D,F,76.34
2023-DEP-12,NUI,_T,M,2024-06,_T,I551,_T,_T,A,2,3,D,F,72.39
2023-DEP-12,NUI,_T,M,2024-04,_T,I551,_T,_T,A,2,3,D,F,46.19
2023-DEP-12,NUI,_T,M,2024-07,_T,I551,_T,_T,A,2,3,D,F,81.57
2023-DEP-12,NUI,_T,M,2024-01,_T,I551,_T,_T,A,2,3,D,F,22.82
2023-DEP-83,NUI,_T,M,2024-06,_T,I551,_T,_T,A,2,3,D,F,474.45
2023-DEP-83,NUI,_T,M,2024-01,_T,I551,_T,_T,A,2,3,D,F,103.95
2023-DEP-83,NUI,_T,M,2024-07,_T,I551,_T,_T,A,2,3,D,F,571.1
2023-DEP-83,NUI,_T,M,2024-03,_T,I551,_T,_T,A,2,3,D,F,173.72
2023-DEP-83,NUI,_T,M,2024-05,_T,I551,_T,_T,A,2,3,D,F,408.63
2023-DEP-83,NUI,_T,M,2024-02,_T,I551,_T,_T,A,2,3,D,F,133.37
2023-DEP-83,NUI,_T,M,2024-04,_T,I551,_T,_T,A,2,3,D,F,253.05
2023-DEP-69,NUI,_T,M,2024-07,_T,I551,_T,_T,A,2,3,D,F,585.67
2023-DEP-69,NUI,_T,M,2024-03,_T,I551,_T,_T,A,2,3,D,F,537.81
2023-DEP-69,NUI,_T,M,2024-01,_T,I551,_T,_T,A,2,3,D,F,407.14
2023-DEP-69,NUI,_T,M,2024-06,_T,I551,_T,_T,A,2,3,D,F,605.97
2023-DEP-69,NUI,_T,M,2024-05,_T,I551,_T,_T,A,2,3,D,F,547.41
2023-DEP-69,NUI,_T,M,2024-04,_T,I551,_T,_T,A,2,3,D,F,466.7
2023-DEP-69,NUI,_T,M,2024-02,_T,I551,_T,_T,A,2,3,D,F,422.78
2023-DEP-68,NUI,_T,M,2024-03,_T,I551,_T,_T,A,2,3,D,F,182.98
2023-DEP-70,NUI,_T,M,2024-01,_T,I551,_T,_T,A,2,3,D,F,8.27
2023-DEP-70,NUI,_T,M,2024-07,_T,I551,_T,_T,A,2,3,D,F,12.26
2023-DEP-70,NUI,_T,M,2024-05,_T,I551,_T,_T,A,2,3,D,F,12.33
2023-DEP-68,NUI,_T,M,2024-05,_T,I551,_T,_T,A,2,3,D,F,284.22
2023-DEP-71,NUI,_T,M,2024-06,_T,I551,_T,_T,A,2,3,D,F,137.88
2023-DEP-68,NUI,_T,M,2024-06,_T,I551,_T,_T,A,2,3,D,F,281.07
2023-DEP-70,NUI,_T,M,2024-02,_T,I551,_T,_T,A,2,3,D,F,9.36
2023-DEP-71,NUI,_T,M,2024-02,_T,I551,_T,_T,A,2,3,D,F,82.59
2023-DEP-71,NUI,_T,M,2024-07,_T,I551,_T,_T,A,2,3,D,F,166.32
2023-DEP-68,NUI,_T,M,2024-01,_T,I551,_T,_T,A,2,3,D,F,122.53
2023-DEP-71,NUI,_T,M,2024-03,_T,I551,_T,_T,A,2,3,D,F,99.0
2023-DEP-70,NUI,_T,M,2024-03,_T,I551,_T,_T,A,2,3,D,F,8.8
2023-DEP-70,NUI,_T,M,2024-06,_T,I551,_T,_T,A,2,3,D,F,13.44
2023-DEP-71,NUI,_T,M,2024-04,_T,I551,_T,_T,A,2,3,D,F,99.24
2023-DEP-71,NUI,_T,M,2024-05,_T,I551,_T,_T,A,2,3,D,F,129.72
2023-DEP-68,NUI,_T,M,2024-04,_T,I551,_T,_T,A,2,3,D,F,215.21
2023-DEP-68,NUI,_T,M,2024-07,_T,I551,_T,_T,A,2,3,D,F,313.93
2023-DEP-70,NUI,_T,M,2024-04,_T,I551,_T,_T,A,2,3,D,F,10.58
2023-DEP-68,NUI,_T,M,2024-02,_T,I551,_T,_T,A,2,3,D,F,140.1
2023-DEP-71,NUI,_T,M,2024-01,_T,I551,_T,_T,A,2,3,D,F,71.92
2023-DEP-77,NUI,_T,M,2024-03,_T,I551,_T,_T,A,2,3,D,F,823.55
2023-DEP-78,NUI,_T,M,2024-01,_T,I551,_T,_T,A,2,3,D,F,130.2
2023-DEP-80,NUI,_T,M,2024-02,_T,I551,_T,_T,A,2,3,D,F,45.92
2023-DEP-77,NUI,_T,M,2024-06,_T,I551,_T,_T,A,2,3,D,F,795.21
2023-DEP-78,NUI,_T,M,2024-07,_T,I551,_T,_T,A,2,3,D,F,183.21
2023-DEP-80,NUI,_T,M,2024-07,_T,I551,_T,_T,A,2,3,D,F,95.73
2023-DEP-77,NUI,_T,M,2024-02,_T,I551,_T,_T,A,2,3,D,F,685.82
2023-DEP-77,NUI,_T,M,2024-05,_T,I551,_T,_T,A,2,3,D,F,857.54
2023-DEP-78,NUI,_T,M,2024-03,_T,I551,_T,_T,A,2,3,D,F,171.96
2023-DEP-78,NUI,_T,M,2024-05,_T,I551,_T,_T,A,2,3,D,F,184.98
2023-DEP-80,NUI,_T,M,2024-04,_T,I551,_T,_T,A,2,3,D,F,70.76
2023-DEP-78,NUI,_T,M,2024-04,_T,I551,_T,_T,A,2,3,D,F,163.68
2023-DEP-78,NUI,_T,M,2024-06,_T,I551,_T,_T,A,2,3,D,F,194.69
2023-DEP-78,NUI,_T,M,2024-02,_T,I551,_T,_T,A,2,3,D,F,130.58
2023-DEP-77,NUI,_T,M,2024-07,_T,I551,_T,_T,A,2,3,D,F,791.39
2023-DEP-77,NUI,_T,M,2024-04,_T,I551,_T,_T,A,2,3,D,F,762.56
2023-DEP-89,NUI,_T,M,2024-04,_T,I551,_T,_T,A,2,3,D,F,53.75
2023-DEP-84,NUI,_T,M,2024-01,_T,I551,_T,_T,A,2,3,D,F,85.37
2023-DEP-92,NUI,_T,M,2024-03,_T,I551,_T,_T,A,2,3,D,F,463.47
2023-DEP-80,NUI,_T,M,2024-03,_T,I551,_T,_T,A,2,3,D,F,61.44
2023-DEP-89,NUI,_T,M,2024-07,_T,I551,_T,_T,A,2,3,D,F,77.94
2023-DEP-92,NUI,_T,M,2024-07,_T,I551,_T,_T,A,2,3,D,F,444.47
2023-DEP-89,NUI,_T,M,2024-06,_T,I551,_T,_T,A,2,3,D,F,69.01
2023-DEP-80,NUI,_T,M,2024-05,_T,I551,_T,_T,A,2,3,D,F,89.45
2023-DEP-80,NUI,_T,M,2024-01,_T,I551,_T,_T,A,2,3,D,F,43.24
2023-DEP-89,NUI,_T,M,2024-02,_T,I551,_T,_T,A,2,3,D,F,38.96
2023-DEP-84,NUI,_T,M,2024-03,_T,I551,_T,_T,A,2,3,D,F,134.95
2023-DEP-77,NUI,_T,M,2024-01,_T,I551,_T,_T,A,2,3,D,F,689.47
2023-DEP-80,NUI,_T,M,2024-06,_T,I551,_T,_T,A,2,3,D,F,92.83
2023-DEP-92,NUI,_T,M,2024-04,_T,I551,_T,_T,A,2,3,D,F,467.47
2023-DEP-92,NUI,_T,M,2024-02,_T,I551,_T,_T,A,2,3,D,F,349.97
2023-DEP-92,NUI,_T,M,2024-06,_T,I551,_T,_T,A,2,3,D,F,486.84
2023-DEP-92,NUI,_T,M,2024-01,_T,I551,_T,_T,A,2,3,D,F,365.85
2023-DEP-17,NUI,_T,M,2024-03,_T,I551,_T,_T,A,2,3,D,F,129.52
2023-DEP-92,NUI,_T,M,2024-05,_T,I551,_T,_T,A,2,3,D,F,520.23
2023-DEP-58,NUI,_T,M,2024-01,_T,I551,_T,_T,A,2,3,D,F,16.81
2023-DEP-84,NUI,_T,M,2024-06,_T,I551,_T,_T,A,2,3,D,F,264.36
2023-DEP-84,NUI,_T,M,2024-02,_T,I551,_T,_T,A,2,3,D,F,89.59
2023-DEP-95,NUI,_T,M,2024-04,_T,I551,_T,_T,A,2,3,D,F,298.58
2023-DEP-89,NUI,_T,M,2024-03,_T,I551,_T,_T,A,2,3,D,F,48.17
2023-DEP-58,NUI,_T,M,2024-04,_T,I551,_T,_T,A,2,3,D,F,28.71
2023-DEP-84,NUI,_T,M,2024-05,_T,I551,_T,_T,A,2,3,D,F,244.34
2023-DEP-84,NUI,_T,M,2024-07,_T,I551,_T,_T,A,2,3,D,F,291.09
2023-DEP-58,NUI,_T,M,2024-05,_T,I551,_T,_T,A,2,3,D,F,34.55
2023-DEP-58,NUI,_T,M,2024-06,_T,I551,_T,_T,A,2,3,D,F,34.99
2023-DEP-95,NUI,_T,M,2024-06,_T,I551,_T,_T,A,2,3,D,F,351.57
2023-DEP-95,NUI,_T,M,2024-01,_T,I551,_T,_T,A,2,3,D,F,267.52
2023-DEP-84,NUI,_T,M,2024-04,_T,I551,_T,_T,A,2,3,D,F,176.6
2023-DEP-58,NUI,_T,M,2024-07,_T,I551,_T,_T,A,2,3,D,F,36.49
2023-DEP-17,NUI,_T,M,2024-02,_T,I551,_T,_T,A,2,3,D,F,94.12
2023-DEP-89,NUI,_T,M,2024-05,_T,I551,_T,_T,A,2,3,D,F,71.06
2023-DEP-89,NUI,_T,M,2024-01,_T,I551,_T,_T,A,2,3,D,F,32.91
2023-DEP-17,NUI,_T,M,2024-05,_T,I551,_T,_T,A,2,3,D,F,219.15
2023-DEP-17,NUI,_T,M,2024-07,_T,I551,_T,_T,A,2,3,D,F,299.1
2023-DEP-17,NUI,_T,M,2024-04,_T,I551,_T,_T,A,2,3,D,F,166.09
2023-DEP-95,NUI,_T,M,2024-05,_T,I551,_T,_T,A,2,3,D,F,339.88
2023-DEP-95,NUI,_T,M,2024-02,_T,I551,_T,_T,A,2,3,D,F,236.27
2023-DEP-17,NUI,_T,M,2024-01,_T,I551,_T,_T,A,2,3,D,F,85.39
2023-DEP-58,NUI,_T,M,2024-02,_T,I551,_T,_T,A,2,3,D,F,17.6
2023-DEP-58,NUI,_T,M,2024-03,_T,I551,_T,_T,A,2,3,D,F,23.67
2023-DEP-95,NUI,_T,M,2024-03,_T,I551,_T,_T,A,2,3,D,F,289.85
2023-DEP-95,NUI,_T,M,2024-07,_T,I551,_T,_T,A,2,3,D,F,349.55
2023-DEP-17,NUI,_T,M,2024-06,_T,I551,_T,_T,A,2,3,D,F,227.15
2023-DEP-16,NUI,_T,M,2024-04,_T,I551,_T,_T,A,2,3,D,F,37.87
2023-DEP-16,NUI,_T,M,2024-01,_T,I551,_T,_T,A,2,3,D,F,33.63
2023-DEP-16,NUI,_T,M,2024-07,_T,I551,_T,_T,A,2,3,D,F,52.52
2023-DEP-16,NUI,_T,M,2024-02,_T,I551,_T,_T,A,2,3,D,F,30.23
2023-DEP-16,NUI,_T,M,2024-03,_T,I551,_T,_T,A,2,3,D,F,34.81
2023-DEP-16,NUI,_T,M,2024-05,_T,I551,_T,_T,A,2,3,D,F,45.76
2023-DEP-16,NUI,_T,M,2024-06,_T,I551,_T,_T,A,2,3,D,F,43.41
2023-DEP-55,NUI,_T,M,2024-02,_T,I551,_T,_T,A,2,3,D,F,10.23
2023-DEP-06,NUI,_T,M,2024-07,_T,I551,_T,_T,A,2,3,D,F,1243.06
2023-DEP-09,NUI,_T,M,2024-05,_T,I551,_T,_T,A,2,3,D,F,16.95
2023-DEP-76,NUI,_T,M,2024-06,_T,I551,_T,_T,A,2,3,D,F,247.14
2023-DEP-24,NUI,_T,M,2024-03,_T,I551,_T,_T,A,2,3,D,F,41.48
2023-DEP-55,NUI,_T,M,2024-03,_T,I551,_T,_T,A,2,3,D,F,12.49
2023-DEP-76,NUI,_T,M,2024-07,_T,I551,_T,_T,A,2,3,D,F,264.5
2023-DEP-06,NUI,_T,M,2024-05,_T,I551,_T,_T,A,2,3,D,F,1006.24
2023-DEP-88,NUI,_T,M,2024-07,_T,I551,_T,_T,A,2,3,D,F,82.74
2023-DEP-88,NUI,_T,M,2024-05,_T,I551,_T,_T,A,2,3,D,F,72.5
2023-DEP-88,NUI,_T,M,2024-04,_T,I551,_T,_T,A,2,3,D,F,49.71
2023-DEP-07,NUI,_T,M,2024-03,_T,I551,_T,_T,A,2,3,D,F,23.57
2023-DEP-76,NUI,_T,M,2024-02,_T,I551,_T,_T,A,2,3,D,F,139.64
2023-DEP-06,NUI,_T,M,2024-04,_T,I551,_T,_T,A,2,3,D,F,798.16
2023-DEP-24,NUI,_T,M,2024-01,_T,I551,_T,_T,A,2,3,D,F,28.1
2023-DEP-76,NUI,_T,M,2024-05,_T,I551,_T,_T,A,2,3,D,F,248.11
2023-DEP-24,NUI,_T,M,2024-04,_T,I551,_T,_T,A,2,3,D,F,61.52
2023-DEP-55,NUI,_T,M,2024-07,_T,I551,_T,_T,A,2,3,D,F,20.07
2023-DEP-09,NUI,_T,M,2024-04,_T,I551,_T,_T,A,2,3,D,F,12.86
2023-DEP-09,NUI,_T,M,2024-02,_T,I551,_T,_T,A,2,3,D,F,15.12
2023-DEP-24,NUI,_T,M,2024-05,_T,I551,_T,_T,A,2,3,D,F,96.72
2023-DEP-06,NUI,_T,M,2024-03,_T,I551,_T,_T,A,2,3,D,F,650.22
2023-DEP-76,NUI,_T,M,2024-04,_T,I551,_T,_T,A,2,3,D,F,191.61
2023-DEP-55,NUI,_T,M,2024-04,_T,I551,_T,_T,A,2,3,D,F,14.15
2023-DEP-76,NUI,_T,M,2024-03,_T,I551,_T,_T,A,2,3,D,F,176.49
2023-DEP-07,NUI,_T,M,2024-05,_T,I551,_T,_T,A,2,3,D,F,69.42
2023-DEP-06,NUI,_T,M,2024-01,_T,I551,_T,_T,A,2,3,D,F,389.95
2023-DEP-974,NUI,_T,M,2024-02,_T,I551,_T,_T,A,2,3,D,F,96.72
2023-DEP-88,NUI,_T,M,2024-03,_T,I551,_T,_T,A,2,3,D,F,52.35
2023-DEP-974,NUI,_T,M,2024-04,_T,I551,_T,_T,A,2,3,D,F,111.08
2023-DEP-06,NUI,_T,M,2024-06,_T,I551,_T,_T,A,2,3,D,F,1065.0
2023-DEP-974,NUI,_T,M,2024-01,_T,I551,_T,_T,A,2,3,D,F,128.59
2023-DEP-06,NUI,_T,M,2024-02,_T,I551,_T,_T,A,2,3,D,F,508.93
2023-DEP-75,NUI,_T,M,2024-06,_T,I551,_T,_T,A,2,3,D,F,3259.7
2023-DEP-09,NUI,_T,M,2024-07,_T,I551,_T,_T,A,2,3,D,F,25.23
2023-DEP-974,NUI,_T,M,2024-05,_T,I551,_T,_T,A,2,3,D,F,133.23
2023-DEP-07,NUI,_T,M,2024-07,_T,I551,_T,_T,A,2,3,D,F,89.04
2023-DEP-974,NUI,_T,M,2024-06,_T,I551,_T,_T,A,2,3,D,F,93.66
2023-DEP-55,NUI,_T,M,2024-06,_T,I551,_T,_T,A,2,3,D,F,19.17
2023-DEP-09,NUI,_T,M,2024-06,_T,I551,_T,_T,A,2,3,D,F,20.97
2023-DEP-75,NUI,_T,M,2024-01,_T,I551,_T,_T,A,2,3,D,F,2710.55
2023-DEP-24,NUI,_T,M,2024-06,_T,I551,_T,_T,A,2,3,D,F,98.04
2023-DEP-07,NUI,_T,M,2024-04,_T,I551,_T,_T,A,2,3,D,F,41.41
2023-DEP-24,NUI,_T,M,2024-07,_T,I551,_T,_T,A,2,3,D,F,112.59
2023-DEP-09,NUI,_T,M,2024-01,_T,I551,_T,_T,A,2,3,D,F,11.03
2023-DEP-09,NUI,_T,M,2024-03,_T,I551,_T,_T,A,2,3,D,F,14.32
2023-DEP-07,NUI,_T,M,2024-02,_T,I551,_T,_T,A,2,3,D,F,21.7
2023-DEP-974,NUI,_T,M,2024-03,_T,I551,_T,_T,A,2,3,D,F,125.2
2023-DEP-24,NUI,_T,M,2024-02,_T,I551,_T,_T,A,2,3,D,F,32.23
2023-DEP-88,NUI,_T,M,2024-01,_T,I551,_T,_T,A,2,3,D,F,51.78
2023-DEP-76,NUI,_T,M,2024-01,_T,I551,_T,_T,A,2,3,D,F,126.02
2023-DEP-55,NUI,_T,M,2024-01,_T,I551,_T,_T,A,2,3,D,F,8.84
2023-DEP-87,NUI,_T,M,2024-04,_T,I551,_T,_T,A,2,3,D,F,47.25
2023-DEP-55,NUI,_T,M,2024-05,_T,I551,_T,_T,A,2,3,D,F,17.16
2023-DEP-88,NUI,_T,M,2024-06,_T,I551,_T,_T,A,2,3,D,F,74.4
2023-DEP-75,NUI,_T,M,2024-05,_T,I551,_T,_T,A,2,3,D,F,3502.26
2023-DEP-88,NUI,_T,M,2024-02,_T,I551,_T,_T,A,2,3,D,F,64.07
2023-DEP-971,NUI,_T,M,2024-07,_T,I551,_T,_T,A,2,3,D,F,97.38
2023-DEP-974,NUI,_T,M,2024-07,_T,I551,_T,_T,A,2,3,D,F,130.88
2023-DEP-75,NUI,_T,M,2024-03,_T,I551,_T,_T,A,2,3,D,F,3291.28
2023-DEP-07,NUI,_T,M,2024-01,_T,I551,_T,_T,A,2,3,D,F,12.75
2023-DEP-87,NUI,_T,M,2024-06,_T,I551,_T,_T,A,2,3,D,F,59.83
2023-DEP-07,NUI,_T,M,2024-06,_T,I551,_T,_T,A,2,3,D,F,71.5
2023-DEP-971,NUI,_T,M,2024-04,_T,I551,_T,_T,A,2,3,D,F,123.63
2023-DEP-75,NUI,_T,M,2024-02,_T,I551,_T,_T,A,2,3,D,F,2648.42
2023-DEP-10,NUI,_T,M,2024-07,_T,I551,_T,_T,A,2,3,D,F,91.5
2023-DEP-10,NUI,_T,M,2024-04,_T,I551,_T,_T,A,2,3,D,F,55.64
2023-DEP-10,NUI,_T,M,2024-05,_T,I551,_T,_T,A,2,3,D,F,73.22
2023-DEP-87,NUI,_T,M,2024-05,_T,I551,_T,_T,A,2,3,D,F,55.04
2023-DEP-10,NUI,_T,M,2024-01,_T,I551,_T,_T,A,2,3,D,F,43.61
2023-DEP-87,NUI,_T,M,2024-07,_T,I551,_T,_T,A,2,3,D,F,65.01
2023-DEP-10,NUI,_T,M,2024-02,_T,I551,_T,_T,A,2,3,D,F,44.44
2023-DEP-53,NUI,_T,M,2024-01,_T,I551,_T,_T,A,2,3,D,F,21.68
2023-DEP-10,NUI,_T,M,2024-03,_T,I551,_T,_T,A,2,3,D,F,56.32
2023-DEP-87,NUI,_T,M,2024-01,_T,I551,_T,_T,A,2,3,D,F,35.16
2023-DEP-87,NUI,_T,M,2024-03,_T,I551,_T,_T,A,2,3,D,F,48.89
2023-DEP-971,NUI,_T,M,2024-01,_T,I551,_T,_T,A,2,3,D,F,145.95
2023-DEP-03,NUI,_T,M,2024-01,_T,I551,_T,_T,A,2,3,D,F,32.7
2023-DEP-03,NUI,_T,M,2024-06,_T,I551,_T,_T,A,2,3,D,F,68.49
2023-DEP-971,NUI,_T,M,2024-05,_T,I551,_T,_T,A,2,3,D,F,99.98
2023-DEP-75,NUI,_T,M,2024-07,_T,I551,_T,_T,A,2,3,D,F,3052.36
2023-DEP-75,NUI,_T,M,2024-04,_T,I551,_T,_T,A,2,3,D,F,3251.58
2023-DEP-971,NUI,_T,M,2024-06,_T,I551,_T,_T,A,2,3,D,F,75.67
2023-DEP-53,NUI,_T,M,2024-04,_T,I551,_T,_T,A,2,3,D,F,24.22
2023-DEP-53,NUI,_T,M,2024-06,_T,I551,_T,_T,A,2,3,D,F,33.43
2023-DEP-03,NUI,_T,M,2024-07,_T,I551,_T,_T,A,2,3,D,F,86.98
2023-DEP-53,NUI,_T,M,2024-07,_T,I551,_T,_T,A,2,3,D,F,27.88
2023-DEP-53,NUI,_T,M,2024-02,_T,I551,_T,_T,A,2,3,D,F,22.69
2023-DEP-87,NUI,_T,M,2024-02,_T,I551,_T,_T,A,2,3,D,F,39.72
2023-DEP-53,NUI,_T,M,2024-03,_T,I551,_T,_T,A,2,3,D,F,25.26
2023-DEP-10,NUI,_T,M,2024-06,_T,I551,_T,_T,A,2,3,D,F,71.76
2023-DEP-53,NUI,_T,M,2024-05,_T,I551,_T,_T,A,2,3,D,F,31.51
2023-DEP-03,NUI,_T,M,2024-04,_T,I551,_T,_T,A,2,3,D,F,55.27
2023-DEP-971,NUI,_T,M,2024-02,_T,I551,_T,_T,A,2,3,D,F,147.79
2023-DEP-03,NUI,_T,M,2024-03,_T,I551,_T,_T,A,2,3,D,F,50.3
2023-DEP-03,NUI,_T,M,2024-05,_T,I551,_T,_T,A,2,3,D,F,73.63
2023-DEP-971,NUI,_T,M,2024-03,_T,I551,_T,_T,A,2,3,D,F,147.42
2023-DEP-03,NUI,_T,M,2024-02,_T,I551,_T,_T,A,2,3,D,F,36.75
2023-DEP-43,NUI,_T,M,2024-05,_T,I551,_T,_T,A,2,3,D,F,33.03
2023-DEP-43,NUI,_T,M,2024-02,_T,I551,_T,_T,A,2,3,D,F,13.4
2023-DEP-72,NUI,_T,M,2024-01,_T,I551,_T,_T,A,2,3,D,F,48.55
2023-DEP-72,NUI,_T,M,2024-06,_T,I551,_T,_T,A,2,3,D,F,94.6
2023-DEP-72,NUI,_T,M,2024-05,_T,I551,_T,_T,A,2,3,D,F,80.13
2023-DEP-43,NUI,_T,M,2024-06,_T,I551,_T,_T,A,2,3,D,F,31.07
2023-DEP-43,NUI,_T,M,2024-07,_T,I551,_T,_T,A,2,3,D,F,37.96
2023-DEP-43,NUI,_T,M,2024-04,_T,I551,_T,_T,A,2,3,D,F,23.39
2023-DEP-43,NUI,_T,M,2024-01,_T,I551,_T,_T,A,2,3,D,F,11.35
2023-DEP-72,NUI,_T,M,2024-04,_T,I551,_T,_T,A,2,3,D,F,70.01
2023-DEP-72,NUI,_T,M,2024-02,_T,I551,_T,_T,A,2,3,D,F,50.36
2023-DEP-72,NUI,_T,M,2024-03,_T,I551,_T,_T,A,2,3,D,F,61.87
2023-DEP-72,NUI,_T,M,2024-07,_T,I551,_T,_T,A,2,3,D,F,86.41
2023-DEP-43,NUI,_T,M,2024-03,_T,I551,_T,_T,A,2,3,D,F,16.92
2023-DEP-79,NUI,_T,M,2024-03,_T,I551,_T,_T,A,2,3,D,F,32.56
2023-DEP-91,NUI,_T,M,2024-07,_T,I551,_T,_T,A,2,3,D,F,181.07
2023-DEP-79,NUI,_T,M,2024-04,_T,I551,_T,_T,A,2,3,D,F,31.57
2023-DEP-41,NUI,_T,M,2024-01,_T,I551,_T,_T,A,2,3,D,F,34.77
2023-DEP-44,NUI,_T,M,2024-07,_T,I551,_T,_T,A,2,3,D,F,290.58
2023-DEP-79,NUI,_T,M,2024-01,_T,I551,_T,_T,A,2,3,D,F,26.97
2023-DEP-79,NUI,_T,M,2024-05,_T,I551,_T,_T,A,2,3,D,F,40.55
2023-DEP-91,NUI,_T,M,2024-02,_T,I551,_T,_T,A,2,3,D,F,138.17
2023-DEP-41,NUI,_T,M,2024-02,_T,I551,_T,_T,A,2,3,D,F,44.64
2023-DEP-91,NUI,_T,M,2024-06,_T,I551,_T,_T,A,2,3,D,F,191.22
2023-DEP-79,NUI,_T,M,2024-02,_T,I551,_T,_T,A,2,3,D,F,24.7
2023-DEP-41,NUI,_T,M,2024-07,_T,I551,_T,_T,A,2,3,D,F,114.27
2023-DEP-41,NUI,_T,M,2024-03,_T,I551,_T,_T,A,2,3,D,F,64.64
2023-DEP-44,NUI,_T,M,2024-04,_T,I551,_T,_T,A,2,3,D,F,229.7
2023-DEP-44,NUI,_T,M,2024-06,_T,I551,_T,_T,A,2,3,D,F,290.79
2023-DEP-44,NUI,_T,M,2024-05,_T,I551,_T,_T,A,2,3,D,F,272.69
2023-DEP-41,NUI,_T,M,2024-06,_T,I551,_T,_T,A,2,3,D,F,107.86
2023-DEP-91,NUI,_T,M,2024-03,_T,I551,_T,_T,A,2,3,D,F,169.43
2023-DEP-41,NUI,_T,M,2024-04,_T,I551,_T,_T,A,2,3,D,F,98.16
2023-DEP-47,NUI,_T,M,2024-02,_T,I551,_T,_T,A,2,3,D,F,28.17
2023-DEP-13,NUI,_T,M,2024-01,_T,I551,_T,_T,A,2,3,D,F,338.04
2023-DEP-02,NUI,_T,M,2024-04,_T,I551,_T,_T,A,2,3,D,F,36.02
2023-DEP-13,NUI,_T,M,2024-05,_T,I551,_T,_T,A,2,3,D,F,657.1
2023-DEP-79,NUI,_T,M,2024-06,_T,I551,_T,_T,A,2,3,D,F,40.71
2023-DEP-46,NUI,_T,M,2024-05,_T,I551,_T,_T,A,2,3,D,F,65.19
2023-DEP-46,NUI,_T,M,2024-03,_T,I551,_T,_T,A,2,3,D,F,21.9
2023-DEP-47,NUI,_T,M,2024-05,_T,I551,_T,_T,A,2,3,D,F,39.47
2023-DEP-46,NUI,_T,M,2024-07,_T,I551,_T,_T,A,2,3,D,F,68.71
2023-DEP-22,NUI,_T,M,2024-05,_T,I551,_T,_T,A,2,3,D,F,127.63
2023-DEP-91,NUI,_T,M,2024-01,_T,I551,_T,_T,A,2,3,D,F,139.64
2023-DEP-41,NUI,_T,M,2024-05,_T,I551,_T,_T,A,2,3,D,F,117.74
2023-DEP-79,NUI,_T,M,2024-07,_T,I551,_T,_T,A,2,3,D,F,49.59
2023-DEP-26,NUI,_T,M,2024-05,_T,I551,_T,_T,A,2,3,D,F,124.35
2023-DEP-02,NUI,_T,M,2024-03,_T,I551,_T,_T,A,2,3,D,F,34.43
2023-DEP-91,NUI,_T,M,2024-05,_T,I551,_T,_T,A,2,3,D,F,178.47
2023-DEP-91,NUI,_T,M,2024-04,_T,I551,_T,_T,A,2,3,D,F,165.8
2023-DEP-46,NUI,_T,M,2024-02,_T,I551,_T,_T,A,2,3,D,F,15.22
2023-DEP-44,NUI,_T,M,2024-02,_T,I551,_T,_T,A,2,3,D,F,179.99
2023-DEP-02,NUI,_T,M,2024-06,_T,I551,_T,_T,A,2,3,D,F,46.35
2023-DEP-27,NUI,_T,M,2024-02,_T,I551,_T,_T,A,2,3,D,F,33.64
2023-DEP-13,NUI,_T,M,2024-03,_T,I551,_T,_T,A,2,3,D,F,449.67
2023-DEP-47,NUI,_T,M,2024-04,_T,I551,_T,_T,A,2,3,D,F,36.72
2023-DEP-02,NUI,_T,M,2024-02,_T,I551,_T,_T,A,2,3,D,F,29.81
2023-DEP-26,NUI,_T,M,2024-02,_T,I551,_T,_T,A,2,3,D,F,72.92
2023-DEP-27,NUI,_T,M,2024-07,_T,I551,_T,_T,A,2,3,D,F,54.73
2023-DEP-47,NUI,_T,M,2024-06,_T,I551,_T,_T,A,2,3,D,F,42.66
2023-DEP-44,NUI,_T,M,2024-01,_T,I551,_T,_T,A,2,3,D,F,176.15
2023-DEP-22,NUI,_T,M,2024-02,_T,I551,_T,_T,A,2,3,D,F,59.91
2023-DEP-46,NUI,_T,M,2024-01,_T,I551,_T,_T,A,2,3,D,F,12.79
2023-DEP-46,NUI,_T,M,2024-06,_T,I551,_T,_T,A,2,3,D,F,53.95
2023-DEP-02,NUI,_T,M,2024-05,_T,I551,_T,_T,A,2,3,D,F,47.01
2023-DEP-26,NUI,_T,M,2024-07,_T,I551,_T,_T,A,2,3,D,F,162.14
2023-DEP-22,NUI,_T,M,2024-07,_T,I551,_T,_T,A,2,3,D,F,134.57
2023-DEP-44,NUI,_T,M,2024-03,_T,I551,_T,_T,A,2,3,D,F,219.39
2023-DEP-27,NUI,_T,M,2024-04,_T,I551,_T,_T,A,2,3,D,F,43.34
2023-DEP-13,NUI,_T,M,2024-06,_T,I551,_T,_T,A,2,3,D,F,674.05
2023-DEP-21,NUI,_T,M,2024-06,_T,I551,_T,_T,A,2,3,D,F,252.13
2023-DEP-21,NUI,_T,M,2024-02,_T,I551,_T,_T,A,2,3,D,F,146.29
2023-DEP-46,NUI,_T,M,2024-04,_T,I551,_T,_T,A,2,3,D,F,40.49
2023-DEP-22,NUI,_T,M,2024-06,_T,I551,_T,_T,A,2,3,D,F,128.6
2023-DEP-22,NUI,_T,M,2024-04,_T,I551,_T,_T,A,2,3,D,F,95.75
2023-DEP-27,NUI,_T,M,2024-01,_T,I551,_T,_T,A,2,3,D,F,34.69
2023-DEP-26,NUI,_T,M,2024-06,_T,I551,_T,_T,A,2,3,D,F,130.08
2023-DEP-47,NUI,_T,M,2024-01,_T,I551,_T,_T,A,2,3,D,F,26.5
2023-DEP-13,NUI,_T,M,2024-07,_T,I551,_T,_T,A,2,3,D,F,736.41
2023-DEP-13,NUI,_T,M,2024-02,_T,I551,_T,_T,A,2,3,D,F,360.67
2023-DEP-02,NUI,_T,M,2024-07,_T,I551,_T,_T,A,2,3,D,F,47.75
2023-DEP-26,NUI,_T,M,2024-01,_T,I551,_T,_T,A,2,3,D,F,66.71
2023-DEP-27,NUI,_T,M,2024-03,_T,I551,_T,_T,A,2,3,D,F,37.8
2023-DEP-27,NUI,_T,M,2024-05,_T,I551,_T,_T,A,2,3,D,F,54.83
2023-DEP-21,NUI,_T,M,2024-03,_T,I551,_T,_T,A,2,3,D,F,192.85
2023-DEP-47,NUI,_T,M,2024-07,_T,I551,_T,_T,A,2,3,D,F,48.13
2023-DEP-27,NUI,_T,M,2024-06,_T,I551,_T,_T,A,2,3,D,F,58.86
2023-DEP-02,NUI,_T,M,2024-01,_T,I551,_T,_T,A,2,3,D,F,25.61
2023-DEP-26,NUI,_T,M,2024-04,_T,I551,_T,_T,A,2,3,D,F,94.25
2023-DEP-47,NUI,_T,M,2024-03,_T,I551,_T,_T,A,2,3,D,F,32.77
2023-DEP-26,NUI,_T,M,2024-03,_T,I551,_T,_T,A,2,3,D,F,87.56
2023-DEP-21,NUI,_T,M,2024-04,_T,I551,_T,_T,A,2,3,D,F,193.06
2023-DEP-22,NUI,_T,M,2024-01,_T,I551,_T,_T,A,2,3,D,F,51.32
2023-DEP-22,NUI,_T,M,2024-03,_T,I551,_T,_T,A,2,3,D,F,80.23
2023-DEP-13,NUI,_T,M,2024-04,_T,I551,_T,_T,A,2,3,D,F,550.67
2023-DEP-21,NUI,_T,M,2024-07,_T,I551,_T,_T,A,2,3,D,F,307.1
2023-DEP-21,NUI,_T,M,2024-05,_T,I551,_T,_T,A,2,3,D,F,245.59
2023-DEP-21,NUI,_T,M,2024-01,_T,I551,_T,_T,A,2,3,D,F,125.97
2023-DEP-04,NUI,_T,M,2024-05,_T,I551,_T,_T,A,2,3,D,F,67.68
2023-DEP-04,NUI,_T,M,2024-03,_T,I551,_T,_T,A,2,3,D,F,52.28
2023-DEP-04,NUI,_T,M,2024-04,_T,I551,_T,_T,A,2,3,D,F,44.5
2023-DEP-04,NUI,_T,M,2024-07,_T,I551,_T,_T,A,2,3,D,F,106.35
2023-DEP-04,NUI,_T,M,2024-06,_T,I551,_T,_T,A,2,3,D,F,85.05
2023-DEP-04,NUI,_T,M,2024-01,_T,I551,_T,_T,A,2,3,D,F,43.03
2023-DEP-04,NUI,_T,M,2024-02,_T,I551,_T,_T,A,2,3,D,F,49.63
2023-DEP-28,NUI,_T,M,2024-02,_T,I551,_T,_T,A,2,3,D,F,42.83
2023-DEP-28,NUI,_T,M,2024-07,_T,I551,_T,_T,A,2,3,D,F,77.38
2023-DEP-28,NUI,_T,M,2024-04,_T,I551,_T,_T,A,2,3,D,F,54.58
2023-DEP-28,NUI,_T,M,2024-06,_T,I551,_T,_T,A,2,3,D,F,76.59
2023-DEP-63,NUI,_T,M,2024-06,_T,I551,_T,_T,A,2,3,D,F,171.31
2023-DEP-63,NUI,_T,M,2024-02,_T,I551,_T,_T,A,2,3,D,F,127.76
2023-DEP-28,NUI,_T,M,2024-03,_T,I551,_T,_T,A,2,3,D,F,50.11
2023-DEP-28,NUI,_T,M,2024-05,_T,I551,_T,_T,A,2,3,D,F,64.99
2023-DEP-63,NUI,_T,M,2024-05,_T,I551,_T,_T,A,2,3,D,F,180.08
2023-DEP-63,NUI,_T,M,2024-01,_T,I551,_T,_T,A,2,3,D,F,98.73
2023-DEP-63,NUI,_T,M,2024-07,_T,I551,_T,_T,A,2,3,D,F,218.99
2023-DEP-63,NUI,_T,M,2024-04,_T,I551,_T,_T,A,2,3,D,F,133.43
2023-DEP-28,NUI,_T,M,2024-01,_T,I551,_T,_T,A,2,3,D,F,37.35
2023-DEP-63,NUI,_T,M,2024-03,_T,I551,_T,_T,A,2,3,D,F,131.85
2023-DEP-18,NUI,_T,M,2024-03,_T,I551,_T,_T,A,2,3,D,F,48.56
2023-DEP-18,NUI,_T,M,2024-06,_T,I551,_T,_T,A,2,3,D,F,65.76
2023-DEP-18,NUI,_T,M,2024-01,_T,I551,_T,_T,A,2,3,D,F,38.81
2023-DEP-18,NUI,_T,M,2024-04,_T,I551,_T,_T,A,2,3,D,F,54.87
2023-DEP-67,NUI,_T,M,2024-03,_T,I551,_T,_T,A,2,3,D,F,329.46
2023-DEP-67,NUI,_T,M,2024-05,_T,I551,_T,_T,A,2,3,D,F,399.36
2023-DEP-18,NUI,_T,M,2024-02,_T,I551,_T,_T,A,2,3,D,F,40.25
2023-DEP-67,NUI,_T,M,2024-04,_T,I551,_T,_T,A,2,3,D,F,344.55
2023-DEP-18,NUI,_T,M,2024-05,_T,I551,_T,_T,A,2,3,D,F,63.47
2023-DEP-67,NUI,_T,M,2024-07,_T,I551,_T,_T,A,2,3,D,F,393.79
2023-DEP-18,NUI,_T,M,2024-07,_T,I551,_T,_T,A,2,3,D,F,80.4
2023-DEP-67,NUI,_T,M,2024-06,_T,I551,_T,_T,A,2,3,D,F,375.09
2023-DEP-67,NUI,_T,M,2024-01,_T,I551,_T,_T,A,2,3,D,F,222.61
2023-DEP-67,NUI,_T,M,2024-02,_T,I551,_T,_T,A,2,3,D,F,243.31
2023-DEP-23,NUI,_T,M,2024-04,_T,I551,_T,_T,A,2,3,D,F,9.33
2023-DEP-23,NUI,_T,M,2024-05,_T,I551,_T,_T,A,2,3,D,F,13.87
2023-DEP-50,NUI,_T,M,2024-01,_T,I551,_T,_T,A,2,3,D,F,48.61
2023-DEP-50,NUI,_T,M,2024-02,_T,I551,_T,_T,A,2,3,D,F,61.77
2023-DEP-50,NUI,_T,M,2024-06,_T,I551,_T,_T,A,2,3,D,F,124.88
2023-DEP-50,NUI,_T,M,2024-05,_T,I551,_T,_T,A,2,3,D,F,129.39
2023-DEP-50,NUI,_T,M,2024-07,_T,I551,_T,_T,A,2,3,D,F,126.51
2023-DEP-976,NUI,_T,M,2024-02,_T,I551,_T,_T,A,2,3,D,F,13.4
2023-DEP-50,NUI,_T,M,2024-04,_T,I551,_T,_T,A,2,3,D,F,94.84
2023-DEP-50,NUI,_T,M,2024-03,_T,I551,_T,_T,A,2,3,D,F,79.05
2023-DEP-23,NUI,_T,M,2024-03,_T,I551,_T,_T,A,2,3,D,F,9.27
2023-DEP-23,NUI,_T,M,2024-06,_T,I551,_T,_T,A,2,3,D,F,14.36
2023-DEP-23,NUI,_T,M,2024-02,_T,I551,_T,_T,A,2,3,D,F,6.7
2023-DEP-23,NUI,_T,M,2024-01,_T,I551,_T,_T,A,2,3,D,F,5.95
2023-DEP-976,NUI,_T,M,2024-06,_T,I551,_T,_T,A,2,3,D,F,16.6
2023-DEP-23,NUI,_T,M,2024-07,_T,I551,_T,_T,A,2,3,D,F,16.86
2023-DEP-976,NUI,_T,M,2024-01,_T,I551,_T,_T,A,2,3,D,F,14.04
2023-DEP-976,NUI,_T,M,2024-07,_T,I551,_T,_T,A,2,3,D,F,14.82
2023-DEP-93,NUI,_T,M,2024-07,_T,I551,_T,_T,A,2,3,D,F,345.73
2023-DEP-93,NUI,_T,M,2024-02,_T,I551,_T,_T,A,2,3,D,F,269.95
2023-DEP-93,NUI,_T,M,2024-01,_T,I551,_T,_T,A,2,3,D,F,295.8
2023-DEP-74,NUI,_T,M,2024-03,_T,I551,_T,_T,A,2,3,D,F,490.62
2023-DEP-93,NUI,_T,M,2024-04,_T,I551,_T,_T,A,2,3,D,F,340.21
2023-DEP-90,NUI,_T,M,2024-02,_T,I551,_T,_T,A,2,3,D,F,18.01
2023-DEP-74,NUI,_T,M,2024-06,_T,I551,_T,_T,A,2,3,D,F,430.19
2023-DEP-976,NUI,_T,M,2024-04,_T,I551,_T,_T,A,2,3,D,F,16.25
2023-DEP-45,NUI,_T,M,2024-01,_T,I551,_T,_T,A,2,3,D,F,76.09
2023-DEP-49,NUI,_T,M,2024-06,_T,I551,_T,_T,A,2,3,D,F,141.48
2023-DEP-66,NUI,_T,M,2024-04,_T,I551,_T,_T,A,2,3,D,F,108.32
2023-DEP-90,NUI,_T,M,2024-01,_T,I551,_T,_T,A,2,3,D,F,16.73
2023-DEP-66,NUI,_T,M,2024-03,_T,I551,_T,_T,A,2,3,D,F,91.82
2023-DEP-74,NUI,_T,M,2024-07,_T,I551,_T,_T,A,2,3,D,F,585.35
2023-DEP-976,NUI,_T,M,2024-03,_T,I551,_T,_T,A,2,3,D,F,14.61
2023-DEP-49,NUI,_T,M,2024-05,_T,I551,_T,_T,A,2,3,D,F,141.93
2023-DEP-66,NUI,_T,M,2024-01,_T,I551,_T,_T,A,2,3,D,F,67.78
2023-DEP-90,NUI,_T,M,2024-03,_T,I551,_T,_T,A,2,3,D,F,20.87
2023-DEP-976,NUI,_T,M,2024-05,_T,I551,_T,_T,A,2,3,D,F,16.82
2023-DEP-93,NUI,_T,M,2024-05,_T,I551,_T,_T,A,2,3,D,F,380.73
2023-DEP-66,NUI,_T,M,2024-02,_T,I551,_T,_T,A,2,3,D,F,74.25
2023-DEP-45,NUI,_T,M,2024-04,_T,I551,_T,_T,A,2,3,D,F,98.14
2023-DEP-45,NUI,_T,M,2024-05,_T,I551,_T,_T,A,2,3,D,F,129.27
2023-DEP-74,NUI,_T,M,2024-02,_T,I551,_T,_T,A,2,3,D,F,571.36
2023-DEP-93,NUI,_T,M,2024-06,_T,I551,_T,_T,A,2,3,D,F,352.86
2023-DEP-45,NUI,_T,M,2024-06,_T,I551,_T,_T,A,2,3,D,F,133.89
2023-DEP-90,NUI,_T,M,2024-04,_T,I551,_T,_T,A,2,3,D,F,21.78
2023-DEP-66,NUI,_T,M,2024-06,_T,I551,_T,_T,A,2,3,D,F,156.93
2023-DEP-45,NUI,_T,M,2024-02,_T,I551,_T,_T,A,2,3,D,F,79.68
2023-DEP-74,NUI,_T,M,2024-04,_T,I551,_T,_T,A,2,3,D,F,290.39
2023-DEP-90,NUI,_T,M,2024-06,_T,I551,_T,_T,A,2,3,D,F,28.09
2023-DEP-49,NUI,_T,M,2024-07,_T,I551,_T,_T,A,2,3,D,F,133.09
2023-DEP-90,NUI,_T,M,2024-07,_T,I551,_T,_T,A,2,3,D,F,28.81
2023-DEP-93,NUI,_T,M,2024-03,_T,I551,_T,_T,A,2,3,D,F,350.55
2023-DEP-66,NUI,_T,M,2024-07,_T,I551,_T,_T,A,2,3,D,F,207.13
2023-DEP-74,NUI,_T,M,2024-01,_T,I551,_T,_T,A,2,3,D,F,476.11
2023-DEP-90,NUI,_T,M,2024-05,_T,I551,_T,_T,A,2,3,D,F,27.92
2023-DEP-74,NUI,_T,M,2024-05,_T,I551,_T,_T,A,2,3,D,F,348.55
2023-DEP-49,NUI,_T,M,2024-01,_T,I551,_T,_T,A,2,3,D,F,76.64
2023-DEP-45,NUI,_T,M,2024-07,_T,I551,_T,_T,A,2,3,D,F,150.79
2023-DEP-49,NUI,_T,M,2024-04,_T,I551,_T,_T,A,2,3,D,F,114.76
2023-DEP-45,NUI,_T,M,2024-03,_T,I551,_T,_T,A,2,3,D,F,99.19
2023-DEP-49,NUI,_T,M,2024-03,_T,I551,_T,_T,A,2,3,D,F,99.13
2023-DEP-49,NUI,_T,M,2024-02,_T,I551,_T,_T,A,2,3,D,F,77.63
2023-DEP-66,NUI,_T,M,2024-05,_T,I551,_T,_T,A,2,3,D,F,147.2
2023-DEP-972,NUI,_T,M,2024-02,_T,I551,_T,_T,A,2,3,D,F,140.72
2023-DEP-08,NUI,_T,M,2024-06,_T,I551,_T,_T,A,2,3,D,F,22.42
2023-DEP-972,NUI,_T,M,2024-06,_T,I551,_T,_T,A,2,3,D,F,69.39
2023-DEP-972,NUI,_T,M,2024-05,_T,I551,_T,_T,A,2,3,D,F,94.49
2023-DEP-972,NUI,_T,M,2024-03,_T,I551,_T,_T,A,2,3,D,F,127.89
2023-DEP-08,NUI,_T,M,2024-01,_T,I551,_T,_T,A,2,3,D,F,12.3
2023-DEP-59,NUI,_T,M,2024-04,_T,I551,_T,_T,A,2,3,D,F,303.52
2023-DEP-59,NUI,_T,M,2024-05,_T,I551,_T,_T,A,2,3,D,F,332.74
2023-DEP-08,NUI,_T,M,2024-07,_T,I551,_T,_T,A,2,3,D,F,25.68
2023-DEP-08,NUI,_T,M,2024-03,_T,I551,_T,_T,A,2,3,D,F,17.76
2023-DEP-59,NUI,_T,M,2024-01,_T,I551,_T,_T,A,2,3,D,F,258.15
2023-DEP-08,NUI,_T,M,2024-04,_T,I551,_T,_T,A,2,3,D,F,20.36
2023-DEP-08,NUI,_T,M,2024-02,_T,I551,_T,_T,A,2,3,D,F,14.54
2023-DEP-59,NUI,_T,M,2024-02,_T,I551,_T,_T,A,2,3,D,F,268.62
2023-DEP-972,NUI,_T,M,2024-01,_T,I551,_T,_T,A,2,3,D,F,141.47
2023-DEP-59,NUI,_T,M,2024-06,_T,I551,_T,_T,A,2,3,D,F,314.93
2023-DEP-59,NUI,_T,M,2024-03,_T,I551,_T,_T,A,2,3,D,F,309.11
2023-DEP-972,NUI,_T,M,2024-04,_T,I551,_T,_T,A,2,3,D,F,105.06
2023-DEP-08,NUI,_T,M,2024-05,_T,I551,_T,_T,A,2,3,D,F,23.2
2023-DEP-972,NUI,_T,M,2024-07,_T,I551,_T,_T,A,2,3,D,F,100.24
2023-DEP-59,NUI,_T,M,2024-07,_T,I551,_T,_T,A,2,3,D,F,328.67
2023-DEP-86,NUI,_T,M,2024-07,_T,I551,_T,_T,A,2,3,D,F,196.47
2023-DEP-86,NUI,_T,M,2024-02,_T,I551,_T,_T,A,2,3,D,F,109.36
2023-DEP-86,NUI,_T,M,2024-03,_T,I551,_T,_T,A,2,3,D,F,142.96
2023-DEP-86,NUI,_T,M,2024-01,_T,I551,_T,_T,A,2,3,D,F,78.49
2023-DEP-86,NUI,_T,M,2024-05,_T,I551,_T,_T,A,2,3,D,F,167.81
2023-DEP-86,NUI,_T,M,2024-06,_T,I551,_T,_T,A,2,3,D,F,151.91
2023-DEP-86,NUI,_T,M,2024-04,_T,I551,_T,_T,A,2,3,D,F,167.5
2023-DEP-85,NUI,_T,M,2024-03,_T,I551,_T,_T,A,2,3,D,F,93.99
2023-DEP-85,NUI,_T,M,2024-01,_T,I551,_T,_T,A,2,3,D,F,55.61
2023-DEP-973,NUI,_T,M,2024-01,_T,I551,_T,_T,A,2,3,D,F,32.24
2023-DEP-85,NUI,_T,M,2024-04,_T,I551,_T,_T,A,2,3,D,F,142.73
2023-DEP-73,NUI,_T,M,2024-02,_T,I551,_T,_T,A,2,3,D,F,668.58
2023-DEP-973,NUI,_T,M,2024-06,_T,I551,_T,_T,A,2,3,D,F,36.73
2023-DEP-973,NUI,_T,M,2024-05,_T,I551,_T,_T,A,2,3,D,F,31.81
2023-DEP-85,NUI,_T,M,2024-05,_T,I551,_T,_T,A,2,3,D,F,163.81
2023-DEP-73,NUI,_T,M,2024-04,_T,I551,_T,_T,A,2,3,D,F,231.05
2023-DEP-73,NUI,_T,M,2024-06,_T,I551,_T,_T,A,2,3,D,F,153.34
2023-DEP-85,NUI,_T,M,2024-07,_T,I551,_T,_T,A,2,3,D,F,213.72
2023-DEP-85,NUI,_T,M,2024-02,_T,I551,_T,_T,A,2,3,D,F,65.64
2023-DEP-973,NUI,_T,M,2024-02,_T,I551,_T,_T,A,2,3,D,F,30.45
2023-DEP-73,NUI,_T,M,2024-05,_T,I551,_T,_T,A,2,3,D,F,128.8
2023-DEP-73,NUI,_T,M,2024-07,_T,I551,_T,_T,A,2,3,D,F,232.43
2023-DEP-973,NUI,_T,M,2024-03,_T,I551,_T,_T,A,2,3,D,F,37.79
2023-DEP-73,NUI,_T,M,2024-03,_T,I551,_T,_T,A,2,3,D,F,617.76
2023-DEP-85,NUI,_T,M,2024-06,_T,I551,_T,_T,A,2,3,D,F,177.5
2023-DEP-973,NUI,_T,M,2024-04,_T,I551,_T,_T,A,2,3,D,F,25.93
2023-DEP-73,NUI,_T,M,2024-01,_T,I551,_T,_T,A,2,3,D,F,577.86
2023-DEP-973,NUI,_T,M,2024-07,_T,I551,_T,_T,A,2,3,D,F,34.26
2023-DEP-64,NUI,_T,M,2024-07,_T,I551,_T,_T,A,2,3,D,F,335.03
2023-DEP-82,NUI,_T,M,2024-07,_T,I551,_T,_T,A,2,3,D,F,39.39
2023-DEP-64,NUI,_T,M,2024-04,_T,I551,_T,_T,A,2,3,D,F,216.82
2023-DEP-82,NUI,_T,M,2024-06,_T,I551,_T,_T,A,2,3,D,F,28.48
2023-DEP-82,NUI,_T,M,2024-04,_T,I551,_T,_T,A,2,3,D,F,26.75
2023-DEP-82,NUI,_T,M,2024-05,_T,I551,_T,_T,A,2,3,D,F,28.73
2023-DEP-82,NUI,_T,M,2024-01,_T,I551,_T,_T,A,2,3,D,F,24.65
2023-DEP-01,NUI,_T,M,2024-04,_T,I551,_T,_T,A,2,3,D,F,77.03
2023-DEP-64,NUI,_T,M,2024-06,_T,I551,_T,_T,A,2,3,D,F,260.57
2023-DEP-01,NUI,_T,M,2024-03,_T,I551,_T,_T,A,2,3,D,F,89.98
2023-DEP-64,NUI,_T,M,2024-02,_T,I551,_T,_T,A,2,3,D,F,129.69
2023-DEP-01,NUI,_T,M,2024-05,_T,I551,_T,_T,A,2,3,D,F,101.67
2023-DEP-01,NUI,_T,M,2024-06,_T,I551,_T,_T,A,2,3,D,F,108.45
2023-DEP-64,NUI,_T,M,2024-03,_T,I551,_T,_T,A,2,3,D,F,180.76
2023-DEP-82,NUI,_T,M,2024-02,_T,I551,_T,_T,A,2,3,D,F,22.42
2023-DEP-01,NUI,_T,M,2024-07,_T,I551,_T,_T,A,2,3,D,F,109.29
2023-DEP-64,NUI,_T,M,2024-01,_T,I551,_T,_T,A,2,3,D,F,118.64
2023-DEP-01,NUI,_T,M,2024-02,_T,I551,_T,_T,A,2,3,D,F,80.45
2023-DEP-64,NUI,_T,M,2024-05,_T,I551,_T,_T,A,2,3,D,F,260.8
2023-DEP-51,NUI,_T,M,2024-01,_T,I551,_T,_T,A,2,3,D,F,90.81
2023-DEP-01,NUI,_T,M,2024-01,_T,I551,_T,_T,A,2,3,D,F,68.21
2023-DEP-82,NUI,_T,M,2024-03,_T,I551,_T,_T,A,2,3,D,F,23.73
2023-DEP-51,NUI,_T,M,2024-03,_T,I551,_T,_T,A,2,3,D,F,129.47
2023-DEP-51,NUI,_T,M,2024-06,_T,I551,_T,_T,A,2,3,D,F,169.4
2023-DEP-51,NUI,_T,M,2024-04,_T,I551,_T,_T,A,2,3,D,F,137.1
2023-DEP-51,NUI,_T,M,2024-07,_T,I551,_T,_T,A,2,3,D,F,170.76
2023-DEP-51,NUI,_T,M,2024-02,_T,I551,_T,_T,A,2,3,D,F,96.43
2023-DEP-51,NUI,_T,M,2024-05,_T,I551,_T,_T,A,2,3,D,F,165.54
2023-DEP-40,NUI,_T,M,2024-01,_T,I551,_T,_T,A,2,3,D,F,33.53
2023-DEP-15,NUI,_T,M,2024-04,_T,I551,_T,_T,A,2,3,D,F,25.1
2023-DEP-15,NUI,_T,M,2024-01,_T,I551,_T,_T,A,2,3,D,F,13.88
2023-DEP-15,NUI,_T,M,2024-03,_T,I551,_T,_T,A,2,3,D,F,20.99
2023-DEP-40,NUI,_T,M,2024-07,_T,I551,_T,_T,A,2,3,D,F,144.29
2023-DEP-40,NUI,_T,M,2024-02,_T,I551,_T,_T,A,2,3,D,F,39.77
2023-DEP-40,NUI,_T,M,2024-06,_T,I551,_T,_T,A,2,3,D,F,94.97
2023-DEP-15,NUI,_T,M,2024-05,_T,I551,_T,_T,A,2,3,D,F,47.06
2023-DEP-15,NUI,_T,M,2024-02,_T,I551,_T,_T,A,2,3,D,F,21.67
2023-DEP-40,NUI,_T,M,2024-05,_T,I551,_T,_T,A,2,3,D,F,88.31
2023-DEP-40,NUI,_T,M,2024-04,_T,I551,_T,_T,A,2,3,D,F,75.79
2023-DEP-15,NUI,_T,M,2024-06,_T,I551,_T,_T,A,2,3,D,F,51.95
2023-DEP-40,NUI,_T,M,2024-03,_T,I551,_T,_T,A,2,3,D,F,76.37
2023-DEP-15,NUI,_T,M,2024-07,_T,I551,_T,_T,A,2,3,D,F,57.37
2023-DEP-14,NUI,_T,M,2024-07,_T,I551,_T,_T,A,2,3,D,F,386.13
2023-DEP-54,NUI,_T,M,2024-06,_T,I551,_T,_T,A,2,3,D,F,96.82
2023-DEP-54,NUI,_T,M,2024-01,_T,I551,_T,_T,A,2,3,D,F,62.47
2023-DEP-14,NUI,_T,M,2024-01,_T,I551,_T,_T,A,2,3,D,F,129.65
2023-DEP-54,NUI,_T,M,2024-04,_T,I551,_T,_T,A,2,3,D,F,75.37
2023-DEP-14,NUI,_T,M,2024-02,_T,I551,_T,_T,A,2,3,D,F,172.22
2023-DEP-14,NUI,_T,M,2024-03,_T,I551,_T,_T,A,2,3,D,F,241.57
2023-DEP-14,NUI,_T,M,2024-06,_T,I551,_T,_T,A,2,3,D,F,377.33
2023-DEP-54,NUI,_T,M,2024-07,_T,I551,_T,_T,A,2,3,D,F,96.22
2023-DEP-14,NUI,_T,M,2024-05,_T,I551,_T,_T,A,2,3,D,F,366.94
2023-DEP-48,NUI,_T,M,2024-06,_T,I551,_T,_T,A,2,3,D,F,53.59
2023-DEP-48,NUI,_T,M,2024-05,_T,I551,_T,_T,A,2,3,D,F,56.04
2023-DEP-39,NUI,_T,M,2024-03,_T,I551,_T,_T,A,2,3,D,F,35.1
2023-DEP-54,NUI,_T,M,2024-03,_T,I551,_T,_T,A,2,3,D,F,74.76
2023-DEP-48,NUI,_T,M,2024-03,_T,I551,_T,_T,A,2,3,D,F,13.0
2023-DEP-57,NUI,_T,M,2024-07,_T,I551,_T,_T,A,2,3,D,F,165.74
2023-DEP-48,NUI,_T,M,2024-04,_T,I551,_T,_T,A,2,3,D,F,26.75
2023-DEP-19,NUI,_T,M,2024-04,_T,I551,_T,_T,A,2,3,D,F,35.27
2023-DEP-39,NUI,_T,M,2024-01,_T,I551,_T,_T,A,2,3,D,F,28.74
2023-DEP-39,NUI,_T,M,2024-05,_T,I551,_T,_T,A,2,3,D,F,49.7
2023-DEP-57,NUI,_T,M,2024-06,_T,I551,_T,_T,A,2,3,D,F,155.05
2023-DEP-61,NUI,_T,M,2024-02,_T,I551,_T,_T,A,2,3,D,F,17.78
2023-DEP-19,NUI,_T,M,2024-05,_T,I551,_T,_T,A,2,3,D,F,48.46
2023-DEP-54,NUI,_T,M,2024-02,_T,I551,_T,_T,A,2,3,D,F,65.88
2023-DEP-39,NUI,_T,M,2024-02,_T,I551,_T,_T,A,2,3,D,F,35.08
2023-DEP-14,NUI,_T,M,2024-04,_T,I551,_T,_T,A,2,3,D,F,281.35
2023-DEP-48,NUI,_T,M,2024-02,_T,I551,_T,_T,A,2,3,D,F,8.73
2023-DEP-54,NUI,_T,M,2024-05,_T,I551,_T,_T,A,2,3,D,F,89.75
2023-DEP-61,NUI,_T,M,2024-06,_T,I551,_T,_T,A,2,3,D,F,33.05
2023-DEP-57,NUI,_T,M,2024-01,_T,I551,_T,_T,A,2,3,D,F,107.76
2023-DEP-39,NUI,_T,M,2024-07,_T,I551,_T,_T,A,2,3,D,F,60.2
2023-DEP-57,NUI,_T,M,2024-02,_T,I551,_T,_T,A,2,3,D,F,119.91
2023-DEP-19,NUI,_T,M,2024-02,_T,I551,_T,_T,A,2,3,D,F,27.54
2023-DEP-61,NUI,_T,M,2024-07,_T,I551,_T,_T,A,2,3,D,F,28.08
2023-DEP-61,NUI,_T,M,2024-05,_T,I551,_T,_T,A,2,3,D,F,31.4
2023-DEP-39,NUI,_T,M,2024-06,_T,I551,_T,_T,A,2,3,D,F,50.56
2023-DEP-19,NUI,_T,M,2024-06,_T,I551,_T,_T,A,2,3,D,F,47.6
2023-DEP-19,NUI,_T,M,2024-01,_T,I551,_T,_T,A,2,3,D,F,24.01
2023-DEP-57,NUI,_T,M,2024-03,_T,I551,_T,_T,A,2,3,D,F,134.46
2023-DEP-57,NUI,_T,M,2024-04,_T,I551,_T,_T,A,2,3,D,F,138.4
2023-DEP-48,NUI,_T,M,2024-07,_T,I551,_T,_T,A,2,3,D,F,62.67
2023-DEP-61,NUI,_T,M,2024-03,_T,I551,_T,_T,A,2,3,D,F,22.74
2023-DEP-19,NUI,_T,M,2024-07,_T,I551,_T,_T,A,2,3,D,F,59.13
2023-DEP-61,NUI,_T,M,2024-04,_T,I551,_T,_T,A,2,3,D,F,23.03
2023-DEP-48,NUI,_T,M,2024-01,_T,I551,_T,_T,A,2,3,D,F,9.11
2023-DEP-57,NUI,_T,M,2024-05,_T,I551,_T,_T,A,2,3,D,F,162.1
2023-DEP-39,NUI,_T,M,2024-04,_T,I551,_T,_T,A,2,3,D,F,32.35
2023-DEP-19,NUI,_T,M,2024-03,_T,I551,_T,_T,A,2,3,D,F,31.97
2023-DEP-52,NUI,_T,M,2024-03,_T,I551,_T,_T,A,2,3,D,F,21.66
2023-DEP-52,NUI,_T,M,2024-05,_T,I551,_T,_T,A,2,3,D,F,29.22
2023-DEP-61,NUI,_T,M,2024-01,_T,I551,_T,_T,A,2,3,D,F,14.69
2023-DEP-52,NUI,_T,M,2024-06,_T,I551,_T,_T,A,2,3,D,F,31.75
2023-DEP-60,NUI,_T,M,2024-06,_T,I551,_T,_T,A,2,3,D,F,148.31
2023-DEP-42,NUI,_T,M,2024-07,_T,I551,_T,_T,A,2,3,D,F,70.71
2023-DEP-60,NUI,_T,M,2024-07,_T,I551,_T,_T,A,2,3,D,F,148.41
2023-DEP-56,NUI,_T,M,2024-04,_T,I551,_T,_T,A,2,3,D,F,129.37
2023-DEP-42,NUI,_T,M,2024-02,_T,I551,_T,_T,A,2,3,D,F,49.6
2023-DEP-56,NUI,_T,M,2024-01,_T,I551,_T,_T,A,2,3,D,F,71.37
2023-DEP-56,NUI,_T,M,2024-05,_T,I551,_T,_T,A,2,3,D,F,168.04
2023-DEP-56,NUI,_T,M,2024-06,_T,I551,_T,_T,A,2,3,D,F,175.36
2023-DEP-52,NUI,_T,M,2024-01,_T,I551,_T,_T,A,2,3,D,F,17.34
2023-DEP-56,NUI,_T,M,2024-02,_T,I551,_T,_T,A,2,3,D,F,80.74
2023-DEP-60,NUI,_T,M,2024-02,_T,I551,_T,_T,A,2,3,D,F,73.51
2023-DEP-52,NUI,_T,M,2024-04,_T,I551,_T,_T,A,2,3,D,F,22.29
2023-DEP-60,NUI,_T,M,2024-01,_T,I551,_T,_T,A,2,3,D,F,84.51
2023-DEP-52,NUI,_T,M,2024-02,_T,I551,_T,_T,A,2,3,D,F,17.93
2023-DEP-52,NUI,_T,M,2024-07,_T,I551,_T,_T,A,2,3,D,F,35.23
2023-DEP-60,NUI,_T,M,2024-04,_T,I551,_T,_T,A,2,3,D,F,129.96
2023-DEP-42,NUI,_T,M,2024-01,_T,I551,_T,_T,A,2,3,D,F,44.04
2023-DEP-56,NUI,_T,M,2024-03,_T,I551,_T,_T,A,2,3,D,F,107.81
2023-DEP-60,NUI,_T,M,2024-05,_T,I551,_T,_T,A,2,3,D,F,142.36
2023-DEP-56,NUI,_T,M,2024-07,_T,I551,_T,_T,A,2,3,D,F,190.25
2023-DEP-60,NUI,_T,M,2024-03,_T,I551,_T,_T,A,2,3,D,F,96.92
2023-DEP-42,NUI,_T,M,2024-06,_T,I551,_T,_T,A,2,3,D,F,60.94
2023-DEP-42,NUI,_T,M,2024-04,_T,I551,_T,_T,A,2,3,D,F,53.65
2023-DEP-42,NUI,_T,M,2024-05,_T,I551,_T,_T,A,2,3,D,F,56.08
2023-DEP-42,NUI,_T,M,2024-03,_T,I551,_T,_T,A,2,3,D,F,50.69
2023-DEP-29,NUI,_T,M,2024-01,_T,I551,_T,_T,A,2,3,D,F,87.83
2023-DEP-29,NUI,_T,M,2024-05,_T,I551,_T,_T,A,2,3,D,F,186.65
2023-DEP-29,NUI,_T,M,2024-02,_T,I551,_T,_T,A,2,3,D,F,95.36
2023-DEP-25,NUI,_T,M,2024-03,_T,I551,_T,_T,A,2,3,D,F,72.73
2023-DEP-25,NUI,_T,M,2024-05,_T,I551,_T,_T,A,2,3,D,F,92.67
2023-DEP-29,NUI,_T,M,2024-06,_T,I551,_T,_T,A,2,3,D,F,197.86
2023-DEP-25,NUI,_T,M,2024-01,_T,I551,_T,_T,A,2,3,D,F,57.04
2023-DEP-29,NUI,_T,M,2024-03,_T,I551,_T,_T,A,2,3,D,F,120.11
2023-DEP-29,NUI,_T,M,2024-07,_T,I551,_T,_T,A,2,3,D,F,209.1
2023-DEP-25,NUI,_T,M,2024-07,_T,I551,_T,_T,A,2,3,D,F,97.91
2023-DEP-25,NUI,_T,M,2024-06,_T,I551,_T,_T,A,2,3,D,F,91.67
2023-DEP-25,NUI,_T,M,2024-02,_T,I551,_T,_T,A,2,3,D,F,60.32
2023-DEP-29,NUI,_T,M,2024-04,_T,I551,_T,_T,A,2,3,D,F,139.54
2023-DEP-25,NUI,_T,M,2024-04,_T,I551,_T,_T,A,2,3,D,F,69.79
2023-DEP-30,NUI,_T,M,2024-06,_T,I551,_T,_T,A,2,3,D,F,147.64
2023-DEP-2B,NUI,_T,M,2024-05,_T,I551,_T,_T,A,2,3,D,F,169.74
2023-DEP-2A,NUI,_T,M,2024-05,_T,I551,_T,_T,A,2,3,D,F,225.87
2023-DEP-2B,NUI,_T,M,2024-06,_T,I551,_T,_T,A,2,3,D,F,205.28
2023-DEP-30,NUI,_T,M,2024-01,_T,I551,_T,_T,A,2,3,D,F,63.41
2023-DEP-2A,NUI,_T,M,2024-02,_T,I551,_T,_T,A,2,3,D,F,21.27
2023-DEP-2A,NUI,_T,M,2024-06,_T,I551,_T,_T,A,2,3,D,F,266.63
2023-DEP-2A,NUI,_T,M,2024-01,_T,I551,_T,_T,A,2,3,D,F,16.72
2023-DEP-30,NUI,_T,M,2024-07,_T,I551,_T,_T,A,2,3,D,F,164.73
2023-DEP-2B,NUI,_T,M,2024-02,_T,I551,_T,_T,A,2,3,D,F,18.62
2023-DEP-2B,NUI,_T,M,2024-01,_T,I551,_T,_T,A,2,3,D,F,15.35
2023-DEP-2A,NUI,_T,M,2024-04,_T,I551,_T,_T,A,2,3,D,F,106.36
2023-DEP-30,NUI,_T,M,2024-02,_T,I551,_T,_T,A,2,3,D,F,66.6
2023-DEP-2B,NUI,_T,M,2024-03,_T,I551,_T,_T,A,2,3,D,F,26.99
2023-DEP-2A,NUI,_T,M,2024-03,_T,I551,_T,_T,A,2,3,D,F,30.87
2023-DEP-30,NUI,_T,M,2024-03,_T,I551,_T,_T,A,2,3,D,F,85.44
2023-DEP-30,NUI,_T,M,2024-05,_T,I551,_T,_T,A,2,3,D,F,140.92
2023-DEP-2B,NUI,_T,M,2024-04,_T,I551,_T,_T,A,2,3,D,F,74.84
2023-DEP-2A,NUI,_T,M,2024-07,_T,I551,_T,_T,A,2,3,D,F,318.86
2023-DEP-2B,NUI,_T,M,2024-07,_T,I551,_T,_T,A,2,3,D,F,237.27
2023-DEP-30,NUI,_T,M,2024-04,_T,I551,_T,_T,A,2,3,D,F,106.78
2023-DEP-11,NUI,_T,M,2024-03,_T,I551,_T,_T,A,2,3,D,F,78.99
2023-DEP-32,NUI,_T,M,2024-03,_T,I551,_T,_T,A,2,3,D,F,12.8
2023-DEP-31,NUI,_T,M,2024-05,_T,I551,_T,_T,A,2,3,D,F,245.8
2023-DEP-31,NUI,_T,M,2024-02,_T,I551,_T,_T,A,2,3,D,F,199.87
2023-DEP-11,NUI,_T,M,2024-04,_T,I551,_T,_T,A,2,3,D,F,90.69
2023-DEP-31,NUI,_T,M,2024-07,_T,I551,_T,_T,A,2,3,D,F,261.21
2023-DEP-32,NUI,_T,M,2024-02,_T,I551,_T,_T,A,2,3,D,F,9.8
2023-DEP-32,NUI,_T,M,2024-07,_T,I551,_T,_T,A,2,3,D,F,19.89
2023-DEP-11,NUI,_T,M,2024-06,_T,I551,_T,_T,A,2,3,D,F,115.96
2023-DEP-11,NUI,_T,M,2024-05,_T,I551,_T,_T,A,2,3,D,F,115.32
2023-DEP-11,NUI,_T,M,2024-07,_T,I551,_T,_T,A,2,3,D,F,134.75
2023-DEP-31,NUI,_T,M,2024-01,_T,I551,_T,_T,A,2,3,D,F,193.78
2023-DEP-32,NUI,_T,M,2024-05,_T,I551,_T,_T,A,2,3,D,F,20.71
2023-DEP-31,NUI,_T,M,2024-04,_T,I551,_T,_T,A,2,3,D,F,220.57
2023-DEP-31,NUI,_T,M,2024-03,_T,I551,_T,_T,A,2,3,D,F,245.47
2023-DEP-32,NUI,_T,M,2024-01,_T,I551,_T,_T,A,2,3,D,F,7.69
2023-DEP-11,NUI,_T,M,2024-01,_T,I551,_T,_T,A,2,3,D,F,47.2
2023-DEP-11,NUI,_T,M,2024-02,_T,I551,_T,_T,A,2,3,D,F,55.13
2023-DEP-31,NUI,_T,M,2024-06,_T,I551,_T,_T,A,2,3,D,F,278.47
2023-DEP-32,NUI,_T,M,2024-04,_T,I551,_T,_T,A,2,3,D,F,14.66
2023-DEP-32,NUI,_T,M,2024-06,_T,I551,_T,_T,A,2,3,D,F,19.91
2023-DEP-33,NUI,_T,M,2024-04,_T,I551,_T,_T,A,2,3,D,F,380.64
2023-DEP-35,NUI,_T,M,2024-03,_T,I551,_T,_T,A,2,3,D,F,214.66
2023-DEP-34,NUI,_T,M,2024-05,_T,I551,_T,_T,A,2,3,D,F,310.04
2023-DEP-35,NUI,_T,M,2024-01,_T,I551,_T,_T,A,2,3,D,F,151.65
2023-DEP-33,NUI,_T,M,2024-05,_T,I551,_T,_T,A,2,3,D,F,445.76
2023-DEP-34,NUI,_T,M,2024-06,_T,I551,_T,_T,A,2,3,D,F,328.6
2023-DEP-34,NUI,_T,M,2024-01,_T,I551,_T,_T,A,2,3,D,F,151.39
2023-DEP-34,NUI,_T,M,2024-03,_T,I551,_T,_T,A,2,3,D,F,214.73
2023-DEP-35,NUI,_T,M,2024-05,_T,I551,_T,_T,A,2,3,D,F,284.16
2023-DEP-35,NUI,_T,M,2024-06,_T,I551,_T,_T,A,2,3,D,F,290.34
2023-DEP-33,NUI,_T,M,2024-02,_T,I551,_T,_T,A,2,3,D,F,247.64
2023-DEP-34,NUI,_T,M,2024-04,_T,I551,_T,_T,A,2,3,D,F,239.07
2023-DEP-34,NUI,_T,M,2024-02,_T,I551,_T,_T,A,2,3,D,F,169.89
2023-DEP-33,NUI,_T,M,2024-07,_T,I551,_T,_T,A,2,3,D,F,480.6
2023-DEP-35,NUI,_T,M,2024-02,_T,I551,_T,_T,A,2,3,D,F,169.95
2023-DEP-34,NUI,_T,M,2024-07,_T,I551,_T,_T,A,2,3,D,F,397.86
2023-DEP-35,NUI,_T,M,2024-07,_T,I551,_T,_T,A,2,3,D,F,291.28
2023-DEP-33,NUI,_T,M,2024-03,_T,I551,_T,_T,A,2,3,D,F,359.29
2023-DEP-33,NUI,_T,M,2024-06,_T,I551,_T,_T,A,2,3,D,F,459.13
2023-DEP-35,NUI,_T,M,2024-04,_T,I551,_T,_T,A,2,3,D,F,242.13
2023-DEP-33,NUI,_T,M,2024-01,_T,I551,_T,_T,A,2,3,D,F,258.06
2023-DEP-36,NUI,_T,M,2024-05,_T,I551,_T,_T,A,2,3,D,F,34.52
2023-DEP-37,NUI,_T,M,2024-04,_T,I551,_T,_T,A,2,3,D,F,155.71
2023-DEP-38,NUI,_T,M,2024-03,_T,I551,_T,_T,A,2,3,D,F,241.96
2023-DEP-38,NUI,_T,M,2024-04,_T,I551,_T,_T,A,2,3,D,F,159.62
2023-DEP-37,NUI,_T,M,2024-06,_T,I551,_T,_T,A,2,3,D,F,196.21
2023-DEP-36,NUI,_T,M,2024-02,_T,I551,_T,_T,A,2,3,D,F,23.33
2023-DEP-37,NUI,_T,M,2024-07,_T,I551,_T,_T,A,2,3,D,F,202.54
2023-DEP-37,NUI,_T,M,2024-02,_T,I551,_T,_T,A,2,3,D,F,88.38
2023-DEP-36,NUI,_T,M,2024-06,_T,I551,_T,_T,A,2,3,D,F,35.19
2023-DEP-37,NUI,_T,M,2024-01,_T,I551,_T,_T,A,2,3,D,F,84.87
2023-DEP-36,NUI,_T,M,2024-04,_T,I551,_T,_T,A,2,3,D,F,30.87
2023-DEP-37,NUI,_T,M,2024-03,_T,I551,_T,_T,A,2,3,D,F,125.0
2023-DEP-38,NUI,_T,M,2024-06,_T,I551,_T,_T,A,2,3,D,F,201.57
2023-DEP-36,NUI,_T,M,2024-07,_T,I551,_T,_T,A,2,3,D,F,41.41
2023-DEP-38,NUI,_T,M,2024-02,_T,I551,_T,_T,A,2,3,D,F,239.15
2023-DEP-36,NUI,_T,M,2024-01,_T,I551,_T,_T,A,2,3,D,F,21.36
2023-DEP-38,NUI,_T,M,2024-01,_T,I551,_T,_T,A,2,3,D,F,201.67
2023-DEP-36,NUI,_T,M,2024-03,_T,I551,_T,_T,A,2,3,D,F,27.73
2023-DEP-38,NUI,_T,M,2024-05,_T,I551,_T,_T,A,2,3,D,F,159.89
2023-DEP-37,NUI,_T,M,2024-05,_T,I551,_T,_T,A,2,3,D,F,205.57
2023-DEP-38,NUI,_T,M,2024-07,_T,I551,_T,_T,A,2,3,D,F,220.72
2023-DEP-70,NUI,_T,A,2024,_T,I553,_T,_T,A,0,3,D,C,220.72
