Latitude,Longitude,department (name),department (code),communes (code),Nom,Mois,Pression station,Température (°C),Précipitations dans les 24 dernières heures,Rafales sur une période
-49.352333,70.243333,Terres australes et antarctiques françaises,984,98412,KERGUELEN,1,100190.22471910113,9.768539325842719,169.8,15.052808988764045
-49.352333,70.243333,Terres australes et antarctiques françaises,984,98412,KERGUELEN,2,100147.125,10.010000000000023,187.4,16.276249999999997
-49.352333,70.243333,Terres australes et antarctiques françaises,984,98412,KERGUELEN,3,100540.98765432098,9.360493827160516,114.8,14.451851851851854
-49.352333,70.243333,Terres australes et antarctiques françaises,984,98412,KERGUELEN,4,99720.17857142857,7.192857142857167,261.8,15.041071428571428
-49.352333,70.243333,Terres australes et antarctiques françaises,984,98412,KERGUELEN,5,99669.18032786885,4.752459016393468,203.7,14.872131147540985
-49.352333,70.243333,Terres australes et antarctiques françaises,984,98412,KERGUELEN,6,99884.62686567164,3.974626865671665,95.60000000000001,13.986567164179105
-49.352333,70.243333,Terres australes et antarctiques françaises,984,98412,KERGUELEN,7,99029.6551724138,2.3965517241379533,209.8,14.78735632183908
-49.352333,70.243333,Terres australes et antarctiques françaises,984,98412,KERGUELEN,8,99482.56410256411,3.332478632478655,474.8,16.513675213675214
-49.352333,70.243333,Terres australes et antarctiques françaises,984,98412,KERGUELEN,9,99589.0625,3.6312500000000183,166.2,16.975
-49.352333,70.243333,Terres australes et antarctiques françaises,984,98412,KERGUELEN,10,99761.31868131868,5.349450549450573,170.0,15.541758241758242
-49.352333,70.243333,Terres australes et antarctiques françaises,984,98412,KERGUELEN,11,99779.39393939394,7.704545454545478,198.2,15.384848484848485
-49.352333,70.243333,Terres australes et antarctiques françaises,984,98412,KERGUELEN,12,99826.15384615384,8.694505494505519,157.4,15.200000000000001
-20.8925,55.528667,La Réunion,974,97418,GILLOT-AEROPORT,1,101000.09785932722,27.064464831804305,13287.4,8.444097859327217
-20.8925,55.528667,La Réunion,974,97418,GILLOT-AEROPORT,2,101090.10862186016,26.97298031228787,10950.6,8.124439918533604
-20.8925,55.528667,La Réunion,974,97418,GILLOT-AEROPORT,3,101029.3608779858,26.861588121368648,15554.7,8.77088444157521
-20.8925,55.528667,La Réunion,974,97418,GILLOT-AEROPORT,4,101333.54578096948,25.850089766606846,4507.4,8.830969479353682
-20.8925,55.528667,La Réunion,974,97418,GILLOT-AEROPORT,5,101641.37963843958,24.070313986679373,2537.2,8.917507136060893
-20.8925,55.528667,La Réunion,974,97418,GILLOT-AEROPORT,6,101855.88888888889,22.44636363636366,2464.2,10.765050505050505
-20.8925,55.528667,La Réunion,974,97418,GILLOT-AEROPORT,7,101886.70874661858,21.80676284941391,1310.5,9.974030658250676
-20.8925,55.528667,La Réunion,974,97418,GILLOT-AEROPORT,8,101997.89043336059,21.898037612428478,1577.0,9.633033524121014
-20.8925,55.528667,La Réunion,974,97418,GILLOT-AEROPORT,9,101892.99258037923,22.401319043693345,1319.7,9.51030502885408
-20.8925,55.528667,La Réunion,974,97418,GILLOT-AEROPORT,10,101643.91093117409,23.762429149797597,1724.8,8.321214574898786
-20.8925,55.528667,La Réunion,974,97418,GILLOT-AEROPORT,11,101453.86589403973,24.99155629139075,1767.7,8.072185430463577
-20.8925,55.528667,La Réunion,974,97418,GILLOT-AEROPORT,12,101239.10059960026,26.75283144570289,4544.5,8.51545636242505
-12.8055,45.282833,Mayotte,976,97615,PAMANDZI,1,100989.18504314478,28.083125599233004,12634.8,7.468552253116012
-12.8055,45.282833,Mayotte,976,97615,PAMANDZI,2,101013.02093718844,28.122133599202417,8855.5,6.125623130608176
-12.8055,45.282833,Mayotte,976,97615,PAMANDZI,3,101029.93534482758,28.608512931034507,6595.1,5.849245689655173
-12.8055,45.282833,Mayotte,976,97615,PAMANDZI,4,101127.02619414484,28.855624036979997,2071.0,5.865485362095531
-12.8055,45.282833,Mayotte,976,97615,PAMANDZI,5,101388.95204262878,27.8840142095915,239.5,7.461634103019538
-12.8055,45.282833,Mayotte,976,97615,PAMANDZI,6,101563.89513108614,26.468726591760323,352.0,8.100936329588015
-12.8055,45.282833,Mayotte,976,97615,PAMANDZI,7,101632.6015037594,25.503609022556414,129.5,7.885563909774436
-12.8055,45.282833,Mayotte,976,97615,PAMANDZI,8,101672.36036036036,25.282342342342368,233.8,6.6866666666666665
-12.8055,45.282833,Mayotte,976,97615,PAMANDZI,9,101560.5837173579,25.57204301075271,180.8,5.688018433179724
-12.8055,45.282833,Mayotte,976,97615,PAMANDZI,10,101375.11586452763,26.74028520499111,644.1,5.820855614973262
-12.8055,45.282833,Mayotte,976,97615,PAMANDZI,11,101236.68085106384,27.768652482269527,1379.5,6.108085106382979
-12.8055,45.282833,Mayotte,976,97615,PAMANDZI,12,101126.38525564804,28.322948870392413,3589.6,5.841736028537455
3.640167,-54.028333,Guyane,973,97353,MARIPASOULA,1,100084.78060046189,25.886374133949214,2251.0,4.181524249422632
3.640167,-54.028333,Guyane,973,97353,MARIPASOULA,2,100029.40149625935,25.744887780548652,3982.9,4.137655860349128
3.640167,-54.028333,Guyane,973,97353,MARIPASOULA,3,100068.93081761006,25.9631027253669,5514.2,3.8132075471698115
3.640167,-54.028333,Guyane,973,97353,MARIPASOULA,4,100021.74097664544,26.147133757961804,5351.4,3.695541401273885
3.640167,-54.028333,Guyane,973,97353,MARIPASOULA,5,100097.9945054945,26.225274725274744,4059.3,3.201648351648352
3.640167,-54.028333,Guyane,973,97353,MARIPASOULA,6,100214.0354767184,26.06496674057652,5281.9,3.0940133037694015
3.640167,-54.028333,Guyane,973,97353,MARIPASOULA,7,100157.46300211416,26.273150105708265,2811.2,3.1881606765327697
3.640167,-54.028333,Guyane,973,97353,MARIPASOULA,8,100102.70212765958,26.863404255319175,2219.5,3.112978723404255
3.640167,-54.028333,Guyane,973,97353,MARIPASOULA,9,100077.16253443527,27.567217630854017,564.0,3.341322314049587
3.640167,-54.028333,Guyane,973,97353,MARIPASOULA,10,99910.70904645477,27.98215158924208,405.1,3.6029339853300733
3.640167,-54.028333,Guyane,973,97353,MARIPASOULA,11,99837.10706150341,27.62050113895219,1175.5,3.8760820045558084
3.640167,-54.028333,Guyane,973,97353,MARIPASOULA,12,100069.38405797101,26.201086956521763,1380.6,4.672826086956522
3.890667,-51.804667,Guyane,973,97308,SAINT GEORGES,1,101186.6129032258,25.419758064516152,2115.6,3.8782258064516126
3.890667,-51.804667,Guyane,973,97308,SAINT GEORGES,2,101159.47368421052,25.184210526315812,2715.2,3.8062200956937797
3.890667,-51.804667,Guyane,973,97308,SAINT GEORGES,3,101147.15083798883,24.958659217877116,4778.5,3.9860335195530725
3.890667,-51.804667,Guyane,973,97308,SAINT GEORGES,4,101163.77358490566,25.725157232704426,1454.1,3.6540880503144653
3.890667,-51.804667,Guyane,973,97308,SAINT GEORGES,5,101157.43119266054,25.582568807339474,2198.6,3.113761467889908
3.890667,-51.804667,Guyane,973,97308,SAINT GEORGES,6,101278.68644067796,26.04152542372884,2074.6,2.9694915254237286
3.890667,-51.804667,Guyane,973,97308,SAINT GEORGES,7,101251.24324324324,26.229729729729755,1431.8,3.052972972972973
3.890667,-51.804667,Guyane,973,97308,SAINT GEORGES,8,101187.75862068965,26.51551724137933,130.7,2.970689655172414
3.890667,-51.804667,Guyane,973,97308,SAINT GEORGES,9,101157.06666666667,27.400000000000023,15.100000000000001,3.5493333333333332
3.890667,-51.804667,Guyane,973,97308,SAINT GEORGES,10,101096.07142857143,27.42857142857145,3.4000000000000004,3.6839285714285714
3.890667,-51.804667,Guyane,973,97308,SAINT GEORGES,11,100963.22033898305,28.238983050847484,208.5,4.51864406779661
3.890667,-51.804667,Guyane,973,97308,SAINT GEORGES,12,101080.86805555556,26.21493055555558,1719.4,3.704861111111111
4.822333,-52.365333,Guyane,973,97307,CAYENNE-MATOURY,1,101157.75193798449,26.082170542635684,16966.2,6.026416219439475
4.822333,-52.365333,Guyane,973,97307,CAYENNE-MATOURY,2,101158.81278538813,26.156881930854556,12765.1,6.600978473581213
4.822333,-52.365333,Guyane,973,97307,CAYENNE-MATOURY,3,101165.07329509241,26.392415551306588,17644.1,6.125302740599108
4.822333,-52.365333,Guyane,973,97307,CAYENNE-MATOURY,4,101149.4674556213,26.6289095519865,16000.6,5.833474218089603
4.822333,-52.365333,Guyane,973,97307,CAYENNE-MATOURY,5,101179.71476510067,26.31325503355707,28677.5,4.755788590604027
4.822333,-52.365333,Guyane,973,97307,CAYENNE-MATOURY,6,101257.46059544658,26.206742556917714,16056.2,3.5563922942206654
4.822333,-52.365333,Guyane,973,97307,CAYENNE-MATOURY,7,101253.5197368421,26.182812500000022,11325.2,3.4092927631578944
4.822333,-52.365333,Guyane,973,97307,CAYENNE-MATOURY,8,101228.30705962988,26.721110349554515,7051.1,3.9474982864976007
4.822333,-52.365333,Guyane,973,97307,CAYENNE-MATOURY,9,101131.42335766423,27.388978102189803,3180.3,4.362846715328468
4.822333,-52.365333,Guyane,973,97307,CAYENNE-MATOURY,10,101031.92360163711,27.354160982264688,1839.9,4.550613915416098
4.822333,-52.365333,Guyane,973,97307,CAYENNE-MATOURY,11,100957.31598513012,26.97226765799259,6426.6,4.654646840148699
4.822333,-52.365333,Guyane,973,97307,CAYENNE-MATOURY,12,101078.44880441447,26.30876762722259,22861.5,5.522869405272838
5.4855,-54.031667,Guyane,973,97311,SAINT LAURENT,1,101232.97741273101,25.30184804928134,3065.4,4.415811088295688
5.4855,-54.031667,Guyane,973,97311,SAINT LAURENT,2,101193.35570469798,25.47494407158839,3216.6,4.439373601789709
5.4855,-54.031667,Guyane,973,97311,SAINT LAURENT,3,101218.8626609442,25.90364806866955,2715.1,4.6924892703862655
5.4855,-54.031667,Guyane,973,97311,SAINT LAURENT,4,101156.52777777778,25.903703703703727,4353.4,4.248842592592593
5.4855,-54.031667,Guyane,973,97311,SAINT LAURENT,5,101232.73913043478,25.890217391304372,7364.4,3.8665217391304347
5.4855,-54.031667,Guyane,973,97311,SAINT LAURENT,6,101340.22522522522,25.45743243243246,6600.7,3.2144144144144144
5.4855,-54.031667,Guyane,973,97311,SAINT LAURENT,7,101278.96396396396,26.017792792792818,3048.2,3.364864864864865
5.4855,-54.031667,Guyane,973,97311,SAINT LAURENT,8,101214.72727272728,26.40623376623379,1491.1,3.496883116883117
5.4855,-54.031667,Guyane,973,97311,SAINT LAURENT,9,101136.80203045685,27.68172588832489,551.7,4.422335025380711
5.4855,-54.031667,Guyane,973,97311,SAINT LAURENT,10,101095.05319148937,27.546276595744704,303.4,4.209042553191489
5.4855,-54.031667,Guyane,973,97311,SAINT LAURENT,11,101015.12195121951,27.065365853658562,487.8,4.173170731707317
5.4855,-54.031667,Guyane,973,97311,SAINT LAURENT,12,101149.63203463203,25.881818181818204,2902.3,4.1805194805194805
14.595333,-60.995667,Martinique,972,97213,LAMENTIN-AERO,1,101483.5736677116,25.46990595611288,4546.6,8.253761755485893
14.595333,-60.995667,Martinique,972,97213,LAMENTIN-AERO,2,101515.90990990991,25.549009009009033,4027.8,9.201891891891892
14.595333,-60.995667,Martinique,972,97213,LAMENTIN-AERO,3,101479.5869947276,25.835500878734646,3879.2,8.545957820738137
14.595333,-60.995667,Martinique,972,97213,LAMENTIN-AERO,4,101423.28850855745,26.797066014669948,1963.5,7.999877750611247
14.595333,-60.995667,Martinique,972,97213,LAMENTIN-AERO,5,101476.5932642487,27.65259067357515,1784.9,9.097927461139896
14.595333,-60.995667,Martinique,972,97213,LAMENTIN-AERO,6,101494.91803278688,27.90644028103047,3455.6,9.69519906323185
14.595333,-60.995667,Martinique,972,97213,LAMENTIN-AERO,7,101455.23002421307,28.018765133171936,4771.3,9.174213075060532
14.595333,-60.995667,Martinique,972,97213,LAMENTIN-AERO,8,101359.78886756238,28.14664107485607,7470.6,7.920057581573897
14.595333,-60.995667,Martinique,972,97213,LAMENTIN-AERO,9,101195.4016064257,27.99257028112452,6253.5,6.342570281124498
14.595333,-60.995667,Martinique,972,97213,LAMENTIN-AERO,10,101199.49554896142,27.47250247279923,7931.0,6.560336300692383
14.595333,-60.995667,Martinique,972,97213,LAMENTIN-AERO,11,101187.0294117647,26.893627450980418,8916.3,7.202254901960784
14.595333,-60.995667,Martinique,972,97213,LAMENTIN-AERO,12,101391.77215189874,26.124050632911416,5559.4,7.928876582278481
16.264,-61.516333,Guadeloupe,971,97101,LE RAIZET AERO,2,101335.0,21.05000000000001,3.0,1.0
16.264,-61.516333,Guadeloupe,971,97101,LE RAIZET AERO,3,101270.0,22.400000000000038,0.0,1.5
16.264,-61.516333,Guadeloupe,971,97101,LE RAIZET AERO,11,101250.0,25.0,0.2,3.6
41.918,8.792667,Corse-du-Sud,2A,2A004,AJACCIO,1,101571.69836956522,8.805434782608717,1459.4,5.537092391304348
41.918,8.792667,Corse-du-Sud,2A,2A004,AJACCIO,2,102062.0324005891,10.514874815905765,912.4,5.4122238586156115
41.918,8.792667,Corse-du-Sud,2A,2A004,AJACCIO,3,101695.64885496184,11.120763358778648,526.3,5.545038167938931
41.918,8.792667,Corse-du-Sud,2A,2A004,AJACCIO,4,101360.91858037579,13.6096033402923,1116.7,5.097703549060543
41.918,8.792667,Corse-du-Sud,2A,2A004,AJACCIO,5,101328.13524590163,17.18954918032789,899.3,5.4387295081967215
41.918,8.792667,Corse-du-Sud,2A,2A004,AJACCIO,6,101367.78887303852,21.577318116975775,1135.0,5.532382310984308
41.918,8.792667,Corse-du-Sud,2A,2A004,AJACCIO,7,101305.64917127072,24.999309392265218,472.0,5.669889502762431
41.918,8.792667,Corse-du-Sud,2A,2A004,AJACCIO,8,101344.93261455526,25.004312668463637,529.1,5.679649595687332
41.918,8.792667,Corse-du-Sud,2A,2A004,AJACCIO,9,101588.37988826816,21.90991620111734,1147.9,5.7081005586592175
41.918,8.792667,Corse-du-Sud,2A,2A004,AJACCIO,10,101448.06756756757,17.634594594594617,2003.7,5.559459459459459
41.918,8.792667,Corse-du-Sud,2A,2A004,AJACCIO,11,101385.54149085794,13.623628691983145,3156.1,5.078340365682138
41.918,8.792667,Corse-du-Sud,2A,2A004,AJACCIO,12,101566.44137931034,10.91186206896554,1946.8,5.371724137931034
41.918,8.792667,Corse-du-Sud,2a,2a004,AJACCIO,1,101667.79147982063,9.504708520179395,1632.9,5.369170403587444
41.918,8.792667,Corse-du-Sud,2a,2a004,AJACCIO,2,101301.48055207026,9.237892095357614,2441.6,5.0306148055207025
41.918,8.792667,Corse-du-Sud,2a,2a004,AJACCIO,3,101142.35294117648,10.819570135746629,2042.3,5.405542986425339
41.918,8.792667,Corse-du-Sud,2a,2a004,AJACCIO,4,101345.82366589327,13.986542923433898,869.8,5.042807424593967
41.918,8.792667,Corse-du-Sud,2a,2a004,AJACCIO,5,101361.12469437653,17.0029339853301,1562.9,4.800977995110024
41.918,8.792667,Corse-du-Sud,2a,2a004,AJACCIO,6,101408.55932203389,21.427288135593244,492.2,4.95593220338983
41.918,8.792667,Corse-du-Sud,2a,2a004,AJACCIO,7,101431.20370370371,23.56913580246916,157.9,5.110493827160494
41.918,8.792667,Corse-du-Sud,2a,2a004,AJACCIO,8,101530.2354788069,23.120722135007874,81.5,4.967503924646782
41.918,8.792667,Corse-du-Sud,2a,2a004,AJACCIO,9,101493.92592592593,19.85703703703706,1573.9,5.1117283950617285
41.918,8.792667,Corse-du-Sud,2a,2a004,AJACCIO,10,101593.33714285714,16.61051428571431,2047.2,4.662628571428572
41.918,8.792667,Corse-du-Sud,2a,2a004,AJACCIO,11,101545.53039332539,12.635637663885602,2200.2,5.17938021454112
41.918,8.792667,Corse-du-Sud,2a,2a004,AJACCIO,12,102307.92740046838,9.78512880562063,1793.8,5.0525761124121775
42.540667,9.485167,Haute-Corse,2B,2B148,BASTIA,1,101466.07541899441,8.85614525139667,809.5,6.263547486033519
42.540667,9.485167,Haute-Corse,2B,2B148,BASTIA,2,102040.31380753138,10.310251046025126,450.4,6.50794979079498
42.540667,9.485167,Haute-Corse,2B,2B148,BASTIA,3,101578.1223628692,11.610759493670908,912.5,6.429324894514768
42.540667,9.485167,Haute-Corse,2B,2B148,BASTIA,4,101354.13513513513,13.751891891891914,912.9,5.6613513513513505
42.540667,9.485167,Haute-Corse,2B,2B148,BASTIA,5,101412.00626959247,17.802194357366794,640.9,5.799373040752351
42.540667,9.485167,Haute-Corse,2B,2B148,BASTIA,6,101194.93589743589,21.54786324786327,1080.2,5.381623931623931
42.540667,9.485167,Haute-Corse,2B,2B148,BASTIA,7,101244.5260663507,25.518246445497653,151.8,5.2213270142180095
42.540667,9.485167,Haute-Corse,2B,2B148,BASTIA,8,101247.06051873199,26.18789625360233,44.5,5.811239193083574
42.540667,9.485167,Haute-Corse,2B,2B148,BASTIA,9,101472.69720101781,21.771755725190864,666.2,5.738931297709924
42.540667,9.485167,Haute-Corse,2B,2B148,BASTIA,10,101385.29157667387,17.220734341252722,2051.7,5.975593952483801
42.540667,9.485167,Haute-Corse,2B,2B148,BASTIA,11,101114.52471482889,13.57984790874527,3674.5,5.942395437262357
42.540667,9.485167,Haute-Corse,2B,2B148,BASTIA,12,101571.48580968281,10.490150250417386,924.5,6.090818030050084
42.540667,9.485167,Haute-Corse,2b,2b148,BASTIA,1,101545.76650943396,9.287500000000023,1491.1,6.376415094339622
42.540667,9.485167,Haute-Corse,2b,2b148,BASTIA,2,101250.61403508772,9.224436090225586,3704.5,5.8847117794486214
42.540667,9.485167,Haute-Corse,2b,2b148,BASTIA,3,101085.93356242841,10.939747995418122,1824.9,5.8999999999999995
42.540667,9.485167,Haute-Corse,2b,2b148,BASTIA,4,101269.72857142857,14.012285714285738,1073.9,4.9281428571428565
42.540667,9.485167,Haute-Corse,2b,2b148,BASTIA,5,101294.27236315087,17.7495327102804,1366.9,5.076101468624833
42.540667,9.485167,Haute-Corse,2b,2b148,BASTIA,6,101313.38514680484,22.484801381692595,290.8,4.433333333333334
42.540667,9.485167,Haute-Corse,2b,2b148,BASTIA,7,101349.05785123968,24.70743801652895,69.9,4.697520661157025
42.540667,9.485167,Haute-Corse,2b,2b148,BASTIA,8,101465.91289782245,24.610887772194328,49.8,4.704187604690118
42.540667,9.485167,Haute-Corse,2b,2b148,BASTIA,9,101428.03170409512,20.757859973579944,752.4,5.091545574636724
42.540667,9.485167,Haute-Corse,2b,2b148,BASTIA,10,101556.70644391408,16.610143198090714,2554.7,4.671479713603818
42.540667,9.485167,Haute-Corse,2b,2b148,BASTIA,11,101517.01776649746,12.70799492385789,1664.5,5.523857868020305
42.540667,9.485167,Haute-Corse,2b,2b148,BASTIA,12,102262.17444717445,9.85761670761673,1840.9,5.075798525798525
42.737167,2.872833,Pyrénées-Orientales,66,66136,PERPIGNAN,1,101424.22641509434,8.807735849056627,2481.9,9.561635220125787
42.737167,2.872833,Pyrénées-Orientales,66,66136,PERPIGNAN,2,101336.8745716244,9.876079506511331,1879.3,8.650651130911584
42.737167,2.872833,Pyrénées-Orientales,66,66136,PERPIGNAN,3,101104.45328031809,11.483101391650123,2427.7,9.475414181577204
42.737167,2.872833,Pyrénées-Orientales,66,66136,PERPIGNAN,4,100971.95454545454,14.044696969696991,3665.2,7.988484848484848
42.737167,2.872833,Pyrénées-Orientales,66,66136,PERPIGNAN,5,101060.79910380881,17.68603435399554,1707.3,8.892755787901418
42.737167,2.872833,Pyrénées-Orientales,66,66136,PERPIGNAN,6,101036.3080495356,22.058823529411786,1221.3,7.630263157894737
42.737167,2.872833,Pyrénées-Orientales,66,66136,PERPIGNAN,7,101107.31060606061,25.202727272727294,421.1,8.253030303030304
42.737167,2.872833,Pyrénées-Orientales,66,66136,PERPIGNAN,8,101168.82625482626,24.642471042471065,730.9,7.716061776061776
42.737167,2.872833,Pyrénées-Orientales,66,66136,PERPIGNAN,9,101266.5306122449,20.934891375905224,1888.5,7.607241606319947
42.737167,2.872833,Pyrénées-Orientales,66,66136,PERPIGNAN,10,101191.44194756554,16.48789013732836,5275.8,7.416916354556804
42.737167,2.872833,Pyrénées-Orientales,66,66136,PERPIGNAN,11,101172.77741300066,12.325541694024974,1860.6,8.122061720288903
42.737167,2.872833,Pyrénées-Orientales,66,66136,PERPIGNAN,12,101634.70404984424,9.836137071651113,1278.8,7.4802492211838
43.005333,1.106833,Ariège,09,09289,ST GIRONS,1,97194.73124002128,4.777115486961172,5817.3,4.879723257051623
43.005333,1.106833,Ariège,09,09289,ST GIRONS,2,97013.65088757397,6.3967455621302,5451.1,5.283372781065088
43.005333,1.106833,Ariège,09,09289,ST GIRONS,3,96890.23931623931,8.210313390313413,4185.9,5.422905982905983
43.005333,1.106833,Ariège,09,09289,ST GIRONS,4,96720.27686222809,11.366974291364558,4599.3,4.669479235332894
43.005333,1.106833,Ariège,09,09289,ST GIRONS,5,96885.59310801855,14.264744864148467,5968.1,4.710801855533466
43.005333,1.106833,Ariège,09,09289,ST GIRONS,6,96911.55913978495,18.198387096774216,3773.5,4.168010752688172
43.005333,1.106833,Ariège,09,09289,ST GIRONS,7,97028.20941759604,20.435439900867433,3520.5,4.367410161090459
43.005333,1.106833,Ariège,09,09289,ST GIRONS,8,97033.79682539683,20.1017777777778,3117.8,4.171492063492064
43.005333,1.106833,Ariège,09,09289,ST GIRONS,9,97109.26349206349,16.633968253968277,3896.9,4.081968253968254
43.005333,1.106833,Ariège,09,09289,ST GIRONS,10,96922.72959183673,12.74387755102043,4098.7,4.164349489795918
43.005333,1.106833,Ariège,09,09289,ST GIRONS,11,96886.75937904269,8.188809831824086,5002.6,4.245213454075032
43.005333,1.106833,Ariège,09,09289,ST GIRONS,12,97342.54826254827,6.107611693326001,5277.6,4.586265857694429
43.079333,5.940833,Var,83,83153,CAP CEPET,1,100206.08382449247,9.474328749181424,2435.7,10.629927963326784
43.079333,5.940833,Var,83,83153,CAP CEPET,2,99913.26666666666,9.080750000000023,2323.4,9.886416666666667
43.079333,5.940833,Var,83,83153,CAP CEPET,3,99842.69001490313,11.436065573770515,2349.5,11.13897168405365
43.079333,5.940833,Var,83,83153,CAP CEPET,4,99868.58547655068,13.90370650529503,1982.9,10.194251134644478
43.079333,5.940833,Var,83,83153,CAP CEPET,5,99827.27901614143,17.013604919292874,1169.5,9.335818601076095
43.079333,5.940833,Var,83,83153,CAP CEPET,6,99934.0658436214,21.76436213991772,931.3,8.11440329218107
43.079333,5.940833,Var,83,83153,CAP CEPET,7,99883.23767476085,24.585798381162647,349.0,8.789403973509934
43.079333,5.940833,Var,83,83153,CAP CEPET,8,100016.28332063976,24.22757044935265,313.59999999999997,7.94082254379284
43.079333,5.940833,Var,83,83153,CAP CEPET,9,100054.6110210697,20.78589951377636,821.3000000000001,9.215964343598054
43.079333,5.940833,Var,83,83153,CAP CEPET,10,100061.30885122411,17.1322975517891,3123.4,9.448210922787194
43.079333,5.940833,Var,83,83153,CAP CEPET,11,99865.013239188,12.675463371579898,3431.6,10.236010591350396
43.079333,5.940833,Var,83,83153,CAP CEPET,12,100549.82692307692,10.912179487179507,3089.1,9.728076923076923
43.188,0.0,Hautes-Pyrénées,65,65284,TARBES-OSSUN,1,97786.08953613808,5.269309600863022,6630.8,5.7481121898597625
43.188,0.0,Hautes-Pyrénées,65,65284,TARBES-OSSUN,2,97582.1705882353,6.69052941176473,6271.6,5.901764705882353
43.188,0.0,Hautes-Pyrénées,65,65284,TARBES-OSSUN,3,97496.10604332954,8.413568985176761,4766.5,6.185803876852908
43.188,0.0,Hautes-Pyrénées,65,65284,TARBES-OSSUN,4,97294.54487179487,11.577628205128228,5152.6,5.356346153846154
43.188,0.0,Hautes-Pyrénées,65,65284,TARBES-OSSUN,5,97484.65562913907,14.700728476821215,3904.8,5.716754966887417
43.188,0.0,Hautes-Pyrénées,65,65284,TARBES-OSSUN,6,97494.78863936591,18.205284015852072,4383.7,5.281836195508586
43.188,0.0,Hautes-Pyrénées,65,65284,TARBES-OSSUN,7,97603.50346565848,20.358790170132348,3884.4,5.118147448015123
43.188,0.0,Hautes-Pyrénées,65,65284,TARBES-OSSUN,8,97602.82375236892,20.171067593177533,3067.0,4.84074542008844
43.188,0.0,Hautes-Pyrénées,65,65284,TARBES-OSSUN,9,97677.34364925855,17.21328175370731,3565.9,5.025338491295938
43.188,0.0,Hautes-Pyrénées,65,65284,TARBES-OSSUN,10,97500.38681039949,13.183322764743206,3720.5,4.712301838934686
43.188,0.0,Hautes-Pyrénées,65,65284,TARBES-OSSUN,11,97456.57561625582,8.771952031978705,5228.7,5.036975349766822
43.188,0.0,Hautes-Pyrénées,65,65284,TARBES-OSSUN,12,97924.64623955432,6.719721448467989,6249.4,5.5518105849582176
43.437667,5.216,Bouches-du-Rhône,13,13054,MARIGNANE,1,101421.90387016229,7.504494382022495,1952.3,8.15605493133583
43.437667,5.216,Bouches-du-Rhône,13,13054,MARIGNANE,2,101389.91126279863,8.90709897610924,1300.6,7.658771331058021
43.437667,5.216,Bouches-du-Rhône,13,13054,MARIGNANE,3,101133.62158647594,10.944798439531882,1628.3,8.197464239271781
43.437667,5.216,Bouches-du-Rhône,13,13054,MARIGNANE,4,101069.72117558403,14.39073097211758,1973.6,7.824189902034665
43.437667,5.216,Bouches-du-Rhône,13,13054,MARIGNANE,5,101067.7684691546,18.02718964204115,1606.7,7.966260472201067
43.437667,5.216,Bouches-du-Rhône,13,13054,MARIGNANE,6,101065.25796661609,22.8677541729894,902.2,7.598330804248862
43.437667,5.216,Bouches-du-Rhône,13,13054,MARIGNANE,7,101091.06803218726,25.738112655449918,372.5,7.680102414045355
43.437667,5.216,Bouches-du-Rhône,13,13054,MARIGNANE,8,101187.00220426157,24.96473181484205,836.0,7.378177810433505
43.437667,5.216,Bouches-du-Rhône,13,13054,MARIGNANE,9,101299.34712346477,20.76024563671625,1887.5,7.354621848739496
43.437667,5.216,Bouches-du-Rhône,13,13054,MARIGNANE,10,101268.65966646078,16.25268684373072,4455.7,7.661087090796788
43.437667,5.216,Bouches-du-Rhône,13,13054,MARIGNANE,11,101248.69001297017,11.854734111543474,5173.7,7.688391699092088
43.437667,5.216,Bouches-du-Rhône,13,13054,MARIGNANE,12,101713.79396984924,8.855150753768868,2000.3,6.4502512562814065
43.577,3.963167,Hérault,34,34154,MONTPELLIER,1,101835.12077294686,7.52746721877159,2668.2,7.061766735679779
43.577,3.963167,Hérault,34,34154,MONTPELLIER,2,101720.56215360253,8.874188440221717,1456.0,7.100079176563737
43.577,3.963167,Hérault,34,34154,MONTPELLIER,3,101507.46031746031,10.872940287226024,2228.0,7.453061224489796
43.577,3.963167,Hérault,34,34154,MONTPELLIER,4,101412.79109589041,13.713356164383583,1872.3,7.036301369863013
43.577,3.963167,Hérault,34,34154,MONTPELLIER,5,101438.10104529616,17.505052264808384,1694.2,7.340592334494773
43.577,3.963167,Hérault,34,34154,MONTPELLIER,6,101418.45248107653,21.905214465937785,1113.3,6.540958788898234
43.577,3.963167,Hérault,34,34154,MONTPELLIER,7,101466.05691056911,24.715203252032545,746.9,6.511707317073171
43.577,3.963167,Hérault,34,34154,MONTPELLIER,8,101548.09966216216,24.078969594594618,701.4,5.978378378378378
43.577,3.963167,Hérault,34,34154,MONTPELLIER,9,101642.01183431952,20.082840236686415,1629.7,6.32396449704142
43.577,3.963167,Hérault,34,34154,MONTPELLIER,10,101643.33333333333,15.800912280701779,4401.9,6.763298245614036
43.577,3.963167,Hérault,34,34154,MONTPELLIER,11,101631.6378714582,11.61154111955773,3264.2,6.827021423635108
43.577,3.963167,Hérault,34,34154,MONTPELLIER,12,102097.88888888889,8.638055555555578,1299.6,6.119999999999999
43.621,1.378833,Haute-Garonne,31,31069,TOULOUSE-BLAGNAC,1,100308.48583877996,6.193681917211352,2963.1,6.604901960784314
43.621,1.378833,Haute-Garonne,31,31069,TOULOUSE-BLAGNAC,2,100127.6121141526,7.683983692486918,2990.7,7.385148514851485
43.621,1.378833,Haute-Garonne,31,31069,TOULOUSE-BLAGNAC,3,99996.3025210084,9.753053221288539,2551.0,7.6671708683473385
43.621,1.378833,Haute-Garonne,31,31069,TOULOUSE-BLAGNAC,4,99810.3298835705,13.093725743855131,3015.1,7.43163001293661
43.621,1.378833,Haute-Garonne,31,31069,TOULOUSE-BLAGNAC,5,99923.94472361809,16.166708542713593,3907.9,7.638819095477387
43.621,1.378833,Haute-Garonne,31,31069,TOULOUSE-BLAGNAC,6,99919.82791586999,20.489547482472936,3118.9,6.794136392606756
43.621,1.378833,Haute-Garonne,31,31069,TOULOUSE-BLAGNAC,7,99997.34909769757,23.082078406969533,2312.0,6.775606720597386
43.621,1.378833,Haute-Garonne,31,31069,TOULOUSE-BLAGNAC,8,100007.18078381795,22.717572692793954,1767.9,6.542983565107459
43.621,1.378833,Haute-Garonne,31,31069,TOULOUSE-BLAGNAC,9,100117.42355237476,19.11639557579703,1463.5,6.112166558230318
43.621,1.378833,Haute-Garonne,31,31069,TOULOUSE-BLAGNAC,10,99994.04084158415,14.629207920792101,2380.8,6.5280321782178214
43.621,1.378833,Haute-Garonne,31,31069,TOULOUSE-BLAGNAC,11,99973.12419974392,10.071895006402071,2346.0,6.435403329065301
43.621,1.378833,Haute-Garonne,31,31069,TOULOUSE-BLAGNAC,12,100474.04904632152,7.5335694822888515,2995.2,6.24108991825613
43.648833,7.209,Alpes-Maritimes,06,06088,NICE,1,101333.23584318606,9.022401991288136,2340.8,7.496017423771002
43.648833,7.209,Alpes-Maritimes,06,06088,NICE,2,101358.00824175825,10.258859890109912,2875.1,6.822802197802198
43.648833,7.209,Alpes-Maritimes,06,06088,NICE,3,101095.41748849441,11.69907955292573,3325.2,6.704207758053912
43.648833,7.209,Alpes-Maritimes,06,06088,NICE,4,101098.15927873779,14.66994740796396,3155.7,6.079489105935387
43.648833,7.209,Alpes-Maritimes,06,06088,NICE,5,101083.22083639032,17.750403521643456,2118.3,5.600293470286133
43.648833,7.209,Alpes-Maritimes,06,06088,NICE,6,101080.70789865871,22.086661698956807,1488.3999999999999,5.053725782414308
43.648833,7.209,Alpes-Maritimes,06,06088,NICE,7,101098.93895348837,24.94302325581398,607.2,4.97390988372093
43.648833,7.209,Alpes-Maritimes,06,06088,NICE,8,101179.9059334298,25.290086830680195,321.6,5.0112156295224315
43.648833,7.209,Alpes-Maritimes,06,06088,NICE,9,101282.59087904825,21.73985459352283,2576.1,5.918307997356246
43.648833,7.209,Alpes-Maritimes,06,06088,NICE,10,101296.60331085224,17.36627835683632,6182.0,6.472041692213366
43.648833,7.209,Alpes-Maritimes,06,06088,NICE,11,101278.24279007378,12.930315224681445,5679.4,6.942387659289068
43.648833,7.209,Alpes-Maritimes,06,06088,NICE,12,101660.08201892744,10.043533123028414,4278.8,7.427255520504732
43.909833,-0.500167,Landes,40,40192,MONT-DE-MARSAN,1,101473.01082543978,5.983355886332904,4650.3,4.598443843031123
43.909833,-0.500167,Landes,40,40192,MONT-DE-MARSAN,2,101246.99714693295,7.243295292439394,3407.0,4.725748930099857
43.909833,-0.500167,Landes,40,40192,MONT-DE-MARSAN,3,101149.85971943887,9.322778891115586,3632.2,5.316967267869072
43.909833,-0.500167,Landes,40,40192,MONT-DE-MARSAN,4,100914.9478390462,12.721087928465,3831.7,4.850670640834576
43.909833,-0.500167,Landes,40,40192,MONT-DE-MARSAN,5,101052.42909090909,15.813963636363658,4117.9,4.979272727272727
43.909833,-0.500167,Landes,40,40192,MONT-DE-MARSAN,6,101023.98796087284,19.31625282167045,4066.6,4.747328818660647
43.909833,-0.500167,Landes,40,40192,MONT-DE-MARSAN,7,101082.96817172464,21.63249444855665,2466.7,4.63419689119171
43.909833,-0.500167,Landes,40,40192,MONT-DE-MARSAN,8,101078.31452219714,20.93980436418362,1852.2,4.286155003762228
43.909833,-0.500167,Landes,40,40192,MONT-DE-MARSAN,9,101223.75310687655,17.75683512841759,2283.0,4.126263463131731
43.909833,-0.500167,Landes,40,40192,MONT-DE-MARSAN,10,101098.06771263419,13.637985136251055,3917.5,3.9233691164327
43.909833,-0.500167,Landes,40,40192,MONT-DE-MARSAN,11,100969.13191489362,8.953361702127683,4333.8,3.9010212765957446
43.909833,-0.500167,Landes,40,40192,MONT-DE-MARSAN,12,101459.63096960926,7.192402315484828,4787.8,4.434081041968162
44.1185,3.0195,Aveyron,12,12145,MILLAU,1,93542.80739934712,2.821817192600676,2773.5,8.40391730141458
44.1185,3.0195,Aveyron,12,12145,MILLAU,2,93425.81186339125,4.441102456560837,2249.5,9.06087477531456
44.1185,3.0195,Aveyron,12,12145,MILLAU,3,93319.2970521542,6.421201814058979,2424.6,9.409240362811792
44.1185,3.0195,Aveyron,12,12145,MILLAU,4,93291.01784534038,9.812623925974908,2777.8,8.917184401850628
44.1185,3.0195,Aveyron,12,12145,MILLAU,5,93393.78056840714,12.95571711830802,3888.5,8.98030403172505
44.1185,3.0195,Aveyron,12,12145,MILLAU,6,93491.25423728813,17.518237288135616,2134.4,7.543593220338982
44.1185,3.0195,Aveyron,12,12145,MILLAU,7,93613.48514851485,20.62785478547857,1841.6,7.877821782178217
44.1185,3.0195,Aveyron,12,12145,MILLAU,8,93633.40836012861,19.94115755627012,2126.5,7.404951768488746
44.1185,3.0195,Aveyron,12,12145,MILLAU,9,93682.4227865477,15.605490734385747,1437.8,7.255525051475634
44.1185,3.0195,Aveyron,12,12145,MILLAU,10,93506.01923076923,11.365769230769253,3519.7,7.969230769230769
44.1185,3.0195,Aveyron,12,12145,MILLAU,11,93392.00919238346,7.286605384110331,3058.6,8.118778726198293
44.1185,3.0195,Aveyron,12,12145,MILLAU,12,93755.82214765101,4.854082774049241,3133.2,7.835290827740492
44.565667,6.502333,Hautes-Alpes,05,05046,EMBRUN,1,91593.2059447983,1.2773885350318706,3119.0,6.047770700636943
44.565667,6.502333,Hautes-Alpes,05,05046,EMBRUN,2,91467.68414481898,3.2443820224719335,3081.7,6.408114856429463
44.565667,6.502333,Hautes-Alpes,05,05046,EMBRUN,3,91384.1413515189,6.439615623062639,2962.4,6.976441413515189
44.565667,6.502333,Hautes-Alpes,05,05046,EMBRUN,4,91455.73770491804,10.478751576292582,2418.9,6.957440100882724
44.565667,6.502333,Hautes-Alpes,05,05046,EMBRUN,5,91500.9014810045,13.54236960721187,4033.6,6.284095299420477
44.565667,6.502333,Hautes-Alpes,05,05046,EMBRUN,6,91655.5475409836,17.962622950819696,3513.5,6.050557377049181
44.565667,6.502333,Hautes-Alpes,05,05046,EMBRUN,7,91762.20607661823,21.154557463672415,2066.2,6.262153236459709
44.565667,6.502333,Hautes-Alpes,05,05046,EMBRUN,8,91829.64064436183,19.987794299876107,2579.0,6.0331474597273855
44.565667,6.502333,Hautes-Alpes,05,05046,EMBRUN,9,91815.8407079646,15.652718078381817,2081.6,5.63204804045512
44.565667,6.502333,Hautes-Alpes,05,05046,EMBRUN,10,91726.3190184049,10.89300613496935,4287.9,5.949202453987731
44.565667,6.502333,Hautes-Alpes,05,05046,EMBRUN,11,91594.82297929192,5.979291917167692,3989.8,5.95190380761523
44.565667,6.502333,Hautes-Alpes,05,05046,EMBRUN,12,91903.68017524644,2.321796276013166,3720.7,5.360843373493975
44.581167,4.733,Drôme,26,26198,MONTELIMAR,1,101082.86022665947,5.759848893685937,3477.7,7.889260658391796
44.581167,4.733,Drôme,26,26198,MONTELIMAR,2,100948.71436881908,6.966201279813867,2475.6,7.396276905177429
44.581167,4.733,Drôme,26,26198,MONTELIMAR,3,100763.78796561605,9.6881948424069,3209.9,7.365616045845273
44.581167,4.733,Drôme,26,26198,MONTELIMAR,4,100695.74603174604,13.274285714285737,3439.9,7.192444444444445
44.581167,4.733,Drôme,26,26198,MONTELIMAR,5,100674.30847673677,16.74741873804974,3846.9,7.731931166347992
44.581167,4.733,Drôme,26,26198,MONTELIMAR,6,100661.51244416082,21.52680280791323,3278.0,6.993682195277601
44.581167,4.733,Drôme,26,26198,MONTELIMAR,7,100686.92260061919,24.555603715170303,1550.0,7.4715170278637775
44.581167,4.733,Drôme,26,26198,MONTELIMAR,8,100755.56316116988,23.58836341008092,1841.7,6.958991910392035
44.581167,4.733,Drôme,26,26198,MONTELIMAR,9,100884.2249047014,19.275285895806885,4160.4,6.797712833545108
44.581167,4.733,Drôme,26,26198,MONTELIMAR,10,100899.43104514533,14.28787878787881,6042.2,7.119666048237477
44.581167,4.733,Drôme,26,26198,MONTELIMAR,11,100846.96153846153,9.512628205128228,6357.1,6.5875641025641025
44.581167,4.733,Drôme,26,26198,MONTELIMAR,12,101312.28587015822,6.7480087288598165,3500.2,6.948063284233497
44.745,1.396666999999999,Lot,46,46127,GOURDON,1,98937.75675675676,4.944324324324347,3154.7,4.9905405405405405
44.745,1.396666999999999,Lot,46,46127,GOURDON,2,98554.5869776482,4.958794946550071,2407.6,5.708746355685132
44.745,1.396666999999999,Lot,46,46127,GOURDON,3,98473.06582506764,8.136609558160528,2983.7,5.780883678990081
44.745,1.396666999999999,Lot,46,46127,GOURDON,4,98556.95327102803,11.618504672897219,3064.8,5.368691588785047
44.745,1.396666999999999,Lot,46,46127,GOURDON,5,98593.42007434944,14.859851301115265,2751.3,5.06682156133829
44.745,1.396666999999999,Lot,46,46127,GOURDON,6,98702.44655581948,18.823634204275557,2053.1,4.35083135391924
44.745,1.396666999999999,Lot,46,46127,GOURDON,7,98786.8686868687,20.751964085297445,657.0,4.405611672278339
44.745,1.396666999999999,Lot,46,46127,GOURDON,8,98859.65023847377,19.88426073131958,565.0,4.023211446740858
44.745,1.396666999999999,Lot,46,46127,GOURDON,9,98775.38100820633,15.790855803048089,1513.3,4.095779601406799
44.745,1.396666999999999,Lot,46,46127,GOURDON,10,98815.34198113208,12.302240566037758,1191.5,4.08125
44.745,1.396666999999999,Lot,46,46127,GOURDON,11,98837.32779097387,8.650712589073658,1518.1,4.716270783847981
44.745,1.396666999999999,Lot,46,46127,GOURDON,12,99380.0656044986,5.863355201499554,1365.1,4.47319587628866
44.745,1.396667,Lot,46,46127,GOURDON,1,98937.0081967213,4.753142076502755,1327.2,5.127322404371585
44.745,1.396667,Lot,46,46127,GOURDON,2,99052.60677466863,8.930191458026533,1179.2,5.98939617083947
44.745,1.396667,Lot,46,46127,GOURDON,3,98982.16793893129,9.089007633587808,992.8,6.001984732824428
44.745,1.396667,Lot,46,46127,GOURDON,4,98354.9574468085,13.091276595744706,884.4,5.675531914893617
44.745,1.396667,Lot,46,46127,GOURDON,5,98648.61855670103,15.40515463917528,1015.5,5.071958762886598
44.745,1.396667,Lot,46,46127,GOURDON,6,98527.90199081163,18.672128637059746,1742.6,4.501684532924962
44.745,1.396667,Lot,46,46127,GOURDON,7,98647.51043115438,22.682614742698213,894.6,4.288734353268429
44.745,1.396667,Lot,46,46127,GOURDON,8,98658.77049180328,21.613729508196744,1785.1,4.382172131147541
44.745,1.396667,Lot,46,46127,GOURDON,9,98893.53693181818,18.364630681818205,973.9,4.3742897727272725
44.745,1.396667,Lot,46,46127,GOURDON,10,98546.16595135909,13.493133047210323,2286.1,5.616309012875536
44.745,1.396667,Lot,46,46127,GOURDON,11,98421.02564102564,9.40811965811968,1656.4,5.198860398860399
44.745,1.396667,Lot,46,46127,GOURDON,12,98648.60845839018,7.167530695770828,2314.0,5.774897680763984
44.830667,-0.691333,Gironde,33,33281,BORDEAUX-MERIGNAC,1,101527.14057507987,6.80638977635785,6158.3,6.1984558040468585
44.830667,-0.691333,Gironde,33,33281,BORDEAUX-MERIGNAC,2,101316.75931401538,8.0225901833235,4531.5,6.564518036664696
44.830667,-0.691333,Gironde,33,33281,BORDEAUX-MERIGNAC,3,101207.13963963964,9.831644144144168,4205.4,6.8502815315315315
44.830667,-0.691333,Gironde,33,33281,BORDEAUX-MERIGNAC,4,101028.42342342342,13.003088803088826,2992.1,5.9714285714285715
44.830667,-0.691333,Gironde,33,33281,BORDEAUX-MERIGNAC,5,101148.96486825596,16.20244667503139,3709.1,6.105771643663739
44.830667,-0.691333,Gironde,33,33281,BORDEAUX-MERIGNAC,6,101127.01867353509,19.565808113329066,4061.9,5.706632324533161
44.830667,-0.691333,Gironde,33,33281,BORDEAUX-MERIGNAC,7,101232.65760197776,21.96563658838074,1693.4,5.504140914709518
44.830667,-0.691333,Gironde,33,33281,BORDEAUX-MERIGNAC,8,101222.6949048496,21.54383057090242,2255.9,5.164825046040516
44.830667,-0.691333,Gironde,33,33281,BORDEAUX-MERIGNAC,9,101322.5,18.385750636132336,2713.9,5.244211195928753
44.830667,-0.691333,Gironde,33,33281,BORDEAUX-MERIGNAC,10,101183.2923076923,14.134584615384638,3739.1,5.264676923076923
44.830667,-0.691333,Gironde,33,33281,BORDEAUX-MERIGNAC,11,101146.92999357739,10.139755940912032,4492.6,5.319588953114965
44.830667,-0.691333,Gironde,33,33281,BORDEAUX-MERIGNAC,12,101632.25753424657,8.050301369863035,6045.3,5.760054794520548
45.0745,3.764,Haute-Loire,43,43062,LE PUY-LOUDES,1,92173.54787234042,1.3440957446808741,2573.6,5.925
45.0745,3.764,Haute-Loire,43,43062,LE PUY-LOUDES,2,92049.80487804877,2.524451219512218,1672.7,6.434634146341463
45.0745,3.764,Haute-Loire,43,43062,LE PUY-LOUDES,3,91993.57101782634,4.6733755031627595,2282.9,6.518343875790684
45.0745,3.764,Haute-Loire,43,43062,LE PUY-LOUDES,4,91989.57583547558,8.065938303341925,2648.5,6.21439588688946
45.0745,3.764,Haute-Loire,43,43062,LE PUY-LOUDES,5,92102.03934426229,11.46832786885248,3600.7,6.14327868852459
45.0745,3.764,Haute-Loire,43,43062,LE PUY-LOUDES,6,92209.45645055665,16.035625409299303,4709.9,5.160707269155206
45.0745,3.764,Haute-Loire,43,43062,LE PUY-LOUDES,7,92336.56488549618,18.773473282442772,2868.8,5.223600508905853
45.0745,3.764,Haute-Loire,43,43062,LE PUY-LOUDES,8,92375.89726918076,17.693107932379736,2728.4,4.795513654096228
45.0745,3.764,Haute-Loire,43,43062,LE PUY-LOUDES,9,92378.59831278391,13.209798831927342,2686.2,4.777417261518495
45.0745,3.764,Haute-Loire,43,43062,LE PUY-LOUDES,10,92234.89166119501,9.197176625082097,2675.2,5.049507550886408
45.0745,3.764,Haute-Loire,43,43062,LE PUY-LOUDES,11,92049.55048859934,5.155635179153117,3695.2,5.458241042345277
45.0745,3.764,Haute-Loire,43,43062,LE PUY-LOUDES,12,92421.49799885649,2.8172098341909897,2273.5,5.52967409948542
45.7265,5.077833,Rhône,69,69299,LYON-ST EXUPERY,1,99115.36339522546,4.0704509283819865,3737.5,6.399363395225464
45.7265,5.077833,Rhône,69,69299,LYON-ST EXUPERY,2,98965.97908192911,5.8792562463684135,2691.6,6.9292271934921565
45.7265,5.077833,Rhône,69,69299,LYON-ST EXUPERY,3,98830.33202025887,8.379572312886912,3380.6,6.510973550928531
45.7265,5.077833,Rhône,69,69299,LYON-ST EXUPERY,4,98764.6556122449,12.603890306122473,2872.8,6.677040816326531
45.7265,5.077833,Rhône,69,69299,LYON-ST EXUPERY,5,98777.83055198973,15.712901155327367,4093.6,6.620474967907574
45.7265,5.077833,Rhône,69,69299,LYON-ST EXUPERY,6,98793.50159744409,20.394313099041558,4263.7,6.03884984025559
45.7265,5.077833,Rhône,69,69299,LYON-ST EXUPERY,7,98856.47636586863,23.15936157151629,1875.0,6.2877225291589935
45.7265,5.077833,Rhône,69,69299,LYON-ST EXUPERY,8,98908.75772558714,22.260444993819554,3533.8,6.159023485784919
45.7265,5.077833,Rhône,69,69299,LYON-ST EXUPERY,9,99016.03666245259,17.862199747155522,2815.9,5.827812895069532
45.7265,5.077833,Rhône,69,69299,LYON-ST EXUPERY,10,98974.27607361964,12.717239263803705,5009.6,5.889325153374234
45.7265,5.077833,Rhône,69,69299,LYON-ST EXUPERY,11,98903.58860759494,8.070379746835465,3583.8,5.801645569620254
45.7265,5.077833,Rhône,69,69299,LYON-ST EXUPERY,12,99314.94290375205,5.367645459488875,3395.0,6.354105492115281
45.786833,3.149333,Puy-de-Dôme,63,63113,CLERMONT-FD,1,98057.15198863637,4.21399147727275,1350.6,6.342471590909091
45.786833,3.149333,Puy-de-Dôme,63,63113,CLERMONT-FD,2,97855.18397383484,5.885854456255133,765.3,7.183319705641865
45.786833,3.149333,Puy-de-Dôme,63,63113,CLERMONT-FD,3,97750.41379310345,7.649272030651364,1262.9,6.759003831417624
45.786833,3.149333,Puy-de-Dôme,63,63113,CLERMONT-FD,4,97690.12437810945,10.914179104477634,2010.7,5.868905472636816
45.786833,3.149333,Puy-de-Dôme,63,63113,CLERMONT-FD,5,97790.86324786325,14.334786324786347,2897.9,5.796324786324786
45.786833,3.149333,Puy-de-Dôme,63,63113,CLERMONT-FD,6,97792.2691292876,18.505804749340395,3177.0,5.284608619173263
45.786833,3.149333,Puy-de-Dôme,63,63113,CLERMONT-FD,7,97929.67140319716,21.05959147424514,1692.0,4.860301953818827
45.786833,3.149333,Puy-de-Dôme,63,63113,CLERMONT-FD,8,97978.54810996563,20.789948453608268,1516.3,4.894759450171821
45.786833,3.149333,Puy-de-Dôme,63,63113,CLERMONT-FD,9,98080.15,16.567833333333354,1209.9,4.908
45.786833,3.149333,Puy-de-Dôme,63,63113,CLERMONT-FD,10,97940.8551236749,11.839081272084828,1940.6,5.395759717314488
45.786833,3.149333,Puy-de-Dôme,63,63113,CLERMONT-FD,11,97841.7859725235,8.313521330441093,1879.6,5.846565437454808
45.786833,3.149333,Puy-de-Dôme,63,63113,CLERMONT-FD,12,98250.64676616916,5.775053304904074,1553.4,6.322601279317697
45.861167,1.175,Haute-Vienne,87,87085,LIMOGES-BELLEGARDE,1,97153.75402792696,4.102685284640195,6625.7,7.006605800214823
45.861167,1.175,Haute-Vienne,87,87085,LIMOGES-BELLEGARDE,2,97000.1244813278,5.2318909306461405,4882.1,7.448784825133373
45.861167,1.175,Haute-Vienne,87,87085,LIMOGES-BELLEGARDE,3,96923.84927536231,7.5393623188406025,4844.0,7.604115942028986
45.861167,1.175,Haute-Vienne,87,87085,LIMOGES-BELLEGARDE,4,96838.26666666666,11.063492063492086,3535.9,6.624571428571429
45.861167,1.175,Haute-Vienne,87,87085,LIMOGES-BELLEGARDE,5,96956.20623806493,13.864863144493977,4958.8,6.697772119669001
45.861167,1.175,Haute-Vienne,87,87085,LIMOGES-BELLEGARDE,6,96975.45636242504,17.60839440373087,4895.0,6.091738840772819
45.861167,1.175,Haute-Vienne,87,87085,LIMOGES-BELLEGARDE,7,97100.73122529645,20.1289855072464,1483.8,5.906851119894599
45.861167,1.175,Haute-Vienne,87,87085,LIMOGES-BELLEGARDE,8,97118.7224383917,19.812451361867726,2294.2,5.501556420233463
45.861167,1.175,Haute-Vienne,87,87085,LIMOGES-BELLEGARDE,9,97178.62770847013,16.17288246881158,3356.8,5.844583059750492
45.861167,1.175,Haute-Vienne,87,87085,LIMOGES-BELLEGARDE,10,97015.34195933456,12.047504621072113,4806.2,6.238200862600124
45.861167,1.175,Haute-Vienne,87,87085,LIMOGES-BELLEGARDE,11,96904.47368421052,8.204236200256762,5233.8,6.458664955070604
45.861167,1.175,Haute-Vienne,87,87085,LIMOGES-BELLEGARDE,12,97330.28207964601,5.897898230088518,5941.3,6.656305309734513
46.046833,-1.4115,Charente-Maritime,17,17323,PTE DE CHASSIRON,1,101779.3848758465,8.161004514672708,4391.4,10.239334085778781
46.046833,-1.4115,Charente-Maritime,17,17323,PTE DE CHASSIRON,2,101572.54545454546,8.396545454545477,3107.7,10.357333333333333
46.046833,-1.4115,Charente-Maritime,17,17323,PTE DE CHASSIRON,3,101496.36786961583,9.946682188591407,3306.6,9.851047729918509
46.046833,-1.4115,Charente-Maritime,17,17323,PTE DE CHASSIRON,4,101348.01571709233,12.499214145383128,1657.0,7.979895219384414
46.046833,-1.4115,Charente-Maritime,17,17323,PTE DE CHASSIRON,5,101494.31594860167,14.847619047619071,2267.5,8.389342403628119
46.046833,-1.4115,Charente-Maritime,17,17323,PTE DE CHASSIRON,6,101430.3498950315,18.020993701889456,2229.8,7.670258922323303
46.046833,-1.4115,Charente-Maritime,17,17323,PTE DE CHASSIRON,7,101551.47341447789,19.889429852658576,1132.7,7.131582319026265
46.046833,-1.4115,Charente-Maritime,17,17323,PTE DE CHASSIRON,8,101542.61041529334,19.719116677653286,1658.7,6.918984838497034
46.046833,-1.4115,Charente-Maritime,17,17323,PTE DE CHASSIRON,9,101644.37459494491,17.94374594944915,2478.0,7.900842514581983
46.046833,-1.4115,Charente-Maritime,17,17323,PTE DE CHASSIRON,10,101450.15499070055,15.045009299442055,2607.2,8.862616243025418
46.046833,-1.4115,Charente-Maritime,17,17323,PTE DE CHASSIRON,11,101360.20174848688,11.855951580363172,3615.5,9.915198386012104
46.046833,-1.4115,Charente-Maritime,17,17323,PTE DE CHASSIRON,12,101933.48053457293,9.654793724578756,3751.7,9.785531667635096
46.593833,0.314333,Vienne,86,86194,POITIERS-BIARD,1,100517.98797156916,5.203936577364703,3436.9,7.0063969382176055
46.593833,0.314333,Vienne,86,86194,POITIERS-BIARD,2,100363.40841730883,6.017960877296999,3285.8,7.563841138114998
46.593833,0.314333,Vienne,86,86194,POITIERS-BIARD,3,100282.66323024055,8.05211912943874,3298.3,7.4221076746849945
46.593833,0.314333,Vienne,86,86194,POITIERS-BIARD,4,100166.24431448993,11.340025990903207,1867.4,6.054256010396362
46.593833,0.314333,Vienne,86,86194,POITIERS-BIARD,5,100275.15625,14.462109375000024,3594.4,6.376171875
46.593833,0.314333,Vienne,86,86194,POITIERS-BIARD,6,100242.14743589744,18.311794871794895,3794.5,6.185128205128205
46.593833,0.314333,Vienne,86,86194,POITIERS-BIARD,7,100352.87072243346,20.72135614702157,1056.0,6.1133079847908744
46.593833,0.314333,Vienne,86,86194,POITIERS-BIARD,8,100346.69416243654,20.139213197969568,1615.7,5.608312182741117
46.593833,0.314333,Vienne,86,86194,POITIERS-BIARD,9,100455.14762516046,16.580937098844696,2581.8,5.721822849807445
46.593833,0.314333,Vienne,86,86194,POITIERS-BIARD,10,100314.04850746269,12.505783582089578,3136.5,6.018905472636816
46.593833,0.314333,Vienne,86,86194,POITIERS-BIARD,11,100199.23076923077,8.657466063348439,3465.6,6.253587588881706
46.593833,0.314333,Vienne,86,86194,POITIERS-BIARD,12,100635.12506948305,6.331962201222924,3539.8,6.830516953863258
46.766333,-56.179167,Saint-Pierre-et-Miquelon,975,97502,ST-PIERRE,1,100915.67164179105,-1.3740841248303703,1878.0,12.891180461329714
46.766333,-56.179167,Saint-Pierre-et-Miquelon,975,97502,ST-PIERRE,2,100947.10914454277,-2.7821533923303607,2051.2,16.225958702064897
46.766333,-56.179167,Saint-Pierre-et-Miquelon,975,97502,ST-PIERRE,3,101331.71516079633,-1.4018376722817538,2039.5,13.78499234303216
46.766333,-56.179167,Saint-Pierre-et-Miquelon,975,97502,ST-PIERRE,4,101096.05427974947,1.6970772442588948,1476.9,12.70480167014614
46.766333,-56.179167,Saint-Pierre-et-Miquelon,975,97502,ST-PIERRE,5,101103.76543209876,5.282510288065866,1435.8,10.998971193415638
46.766333,-56.179167,Saint-Pierre-et-Miquelon,975,97502,ST-PIERRE,6,101386.22529644269,9.55138339920951,1942.4,7.666403162055335
46.766333,-56.179167,Saint-Pierre-et-Miquelon,975,97502,ST-PIERRE,7,101270.62977099237,14.023854961832084,1614.7,8.054007633587787
46.766333,-56.179167,Saint-Pierre-et-Miquelon,975,97502,ST-PIERRE,8,101338.94594594595,17.231891891891916,2872.2,8.302702702702703
46.766333,-56.179167,Saint-Pierre-et-Miquelon,975,97502,ST-PIERRE,9,101800.70100143061,13.546208869814043,2590.5,9.839771101573676
46.766333,-56.179167,Saint-Pierre-et-Miquelon,975,97502,ST-PIERRE,10,101587.18918918919,8.892702702702726,2785.3,11.499054054054053
46.766333,-56.179167,Saint-Pierre-et-Miquelon,975,97502,ST-PIERRE,11,101173.00417246175,4.534075104311567,2998.4,15.447566063977746
46.766333,-56.179167,Saint-Pierre-et-Miquelon,975,97502,ST-PIERRE,12,101053.74140302613,1.0661623108665974,2059.0,14.098211829436037
47.059167,2.359833,Cher,18,18033,BOURGES,1,99943.41554959785,4.47672922252013,4579.6,6.24514745308311
47.059167,2.359833,Cher,18,18033,BOURGES,2,99799.37054631829,5.528384798099786,3373.6,6.775475059382423
47.059167,2.359833,Cher,18,18033,BOURGES,3,99704.60972850678,7.860576923076945,3571.1,6.828733031674209
47.059167,2.359833,Cher,18,18033,BOURGES,4,99649.8337595908,11.4558823529412,2308.7,5.630179028132993
47.059167,2.359833,Cher,18,18033,BOURGES,5,99721.54379332073,14.720541902961585,4190.9,5.793005671077505
47.059167,2.359833,Cher,18,18033,BOURGES,6,99700.85677749361,18.86214833759593,3468.1,5.836253196930946
47.059167,2.359833,Cher,18,18033,BOURGES,7,99782.86961946351,21.404242046163468,1343.5,5.694822208359326
47.059167,2.359833,Cher,18,18033,BOURGES,8,99783.78109452737,20.842412935323406,1883.9,5.258955223880597
47.059167,2.359833,Cher,18,18033,BOURGES,9,99905.28481012658,16.625189873417742,2242.1,5.2774050632911385
47.059167,2.359833,Cher,18,18033,BOURGES,10,99796.26312538605,12.081531809759133,3775.1,5.482828906732552
47.059167,2.359833,Cher,18,18033,BOURGES,11,99681.53405474221,8.077593889242543,3119.5,5.770846594525779
47.059167,2.359833,Cher,18,18033,BOURGES,12,100082.90847838293,5.521897810219,3414.9,6.106681639528355
47.15,-1.608833,Loire-Atlantique,44,44150,NANTES-BOUGUENAIS,1,101610.33031433138,6.417314864144935,5284.2,7.024667021843367
47.15,-1.608833,Loire-Atlantique,44,44150,NANTES-BOUGUENAIS,2,101451.73785839672,6.9094792276185135,4564.3,7.7414277355178465
47.15,-1.608833,Loire-Atlantique,44,44150,NANTES-BOUGUENAIS,3,101408.71292669278,8.687129266927835,3726.1,7.757806379406827
47.15,-1.608833,Loire-Atlantique,44,44150,NANTES-BOUGUENAIS,4,101276.38446849141,11.65238701464038,2033.0,6.2761298535964345
47.15,-1.608833,Loire-Atlantique,44,44150,NANTES-BOUGUENAIS,5,101401.8886043534,14.830793854033315,3514.8,6.486939820742638
47.15,-1.608833,Loire-Atlantique,44,44150,NANTES-BOUGUENAIS,6,101349.7435897436,17.9944871794872,3656.2,6.226282051282051
47.15,-1.608833,Loire-Atlantique,44,44150,NANTES-BOUGUENAIS,7,101463.76237623762,19.913428217821803,1760.3,6.1017326732673265
47.15,-1.608833,Loire-Atlantique,44,44150,NANTES-BOUGUENAIS,8,101431.22549019608,19.385171568627474,2606.6,5.551960784313725
47.15,-1.608833,Loire-Atlantique,44,44150,NANTES-BOUGUENAIS,9,101553.32480818414,16.458823529411788,2515.5,5.903324808184143
47.15,-1.608833,Loire-Atlantique,44,44150,NANTES-BOUGUENAIS,10,101394.1965973535,12.928481411468201,3588.4,6.126275992438563
47.15,-1.608833,Loire-Atlantique,44,44150,NANTES-BOUGUENAIS,11,101257.42730720608,9.425158027812918,5008.9,6.466814159292035
47.15,-1.608833,Loire-Atlantique,44,44150,NANTES-BOUGUENAIS,12,101688.1933003844,7.55716639209228,5256.2,6.766062602965404
47.267833,5.088333,Côte-d'Or,21,21473,DIJON-LONGVIC,1,99215.26033279656,3.056736446591542,3387.8,5.752227589908749
47.267833,5.088333,Côte-d'Or,21,21473,DIJON-LONGVIC,2,99074.84004739336,4.3059834123222975,2441.2,6.3473341232227485
47.267833,5.088333,Côte-d'Or,21,21473,DIJON-LONGVIC,3,98964.18472063854,7.053021664766272,3014.9,6.384492588369441
47.267833,5.088333,Côte-d'Or,21,21473,DIJON-LONGVIC,4,98931.75831202047,10.953772378516646,2709.5,5.417327365728901
47.267833,5.088333,Côte-d'Or,21,21473,DIJON-LONGVIC,5,98953.73595505618,14.519382022471932,3149.0,5.630758426966292
47.267833,5.088333,Côte-d'Or,21,21473,DIJON-LONGVIC,6,98976.24500665779,19.26770972037286,2956.7,5.390213049267643
47.267833,5.088333,Côte-d'Or,21,21473,DIJON-LONGVIC,7,99023.90458254865,21.96842435655997,2188.8,5.666603892027621
47.267833,5.088333,Côte-d'Or,21,21473,DIJON-LONGVIC,8,99065.76947040498,21.002118380062328,2494.5,5.003052959501558
47.267833,5.088333,Côte-d'Or,21,21473,DIJON-LONGVIC,9,99190.10309278351,16.281378865979406,2367.5,5.231894329896907
47.267833,5.088333,Côte-d'Or,21,21473,DIJON-LONGVIC,10,99121.79677819084,11.254894671623319,3797.4,5.0411400247831475
47.267833,5.088333,Côte-d'Or,21,21473,DIJON-LONGVIC,11,99013.71483375959,6.645076726342733,2929.3,4.9219309462915595
47.267833,5.088333,Côte-d'Or,21,21473,DIJON-LONGVIC,12,99395.58643690939,4.1423012784880715,3649.3,5.19266259032796
47.294333,-3.218333,Morbihan,56,56009,BELLE ILE-LE TALUT,1,101427.86442711457,8.746790641871648,3639.8,12.61499700059988
47.294333,-3.218333,Morbihan,56,56009,BELLE ILE-LE TALUT,2,101251.68958742633,8.5296005239031,3289.3,12.93614931237721
47.294333,-3.218333,Morbihan,56,56009,BELLE ILE-LE TALUT,3,101194.57991156033,9.511623499684166,2600.6,12.104106127605812
47.294333,-3.218333,Morbihan,56,56009,BELLE ILE-LE TALUT,4,101100.85409252669,11.797508896797176,1561.1,9.646192170818505
47.294333,-3.218333,Morbihan,56,56009,BELLE ILE-LE TALUT,5,101239.1551584078,14.143704305442752,1524.1,9.531600324939074
47.294333,-3.218333,Morbihan,56,56009,BELLE ILE-LE TALUT,6,101158.56744186046,16.80865116279072,1232.1,8.87125581395349
47.294333,-3.218333,Morbihan,56,56009,BELLE ILE-LE TALUT,7,101338.52983988356,18.77831149927222,941.9,8.83806404657933
47.294333,-3.218333,Morbihan,56,56009,BELLE ILE-LE TALUT,8,101293.94027676621,18.67297887836856,1790.5,8.400655498907502
47.294333,-3.218333,Morbihan,56,56009,BELLE ILE-LE TALUT,9,101413.97270114943,16.78764367816094,1626.6,9.382758620689655
47.294333,-3.218333,Morbihan,56,56009,BELLE ILE-LE TALUT,10,101212.38888888889,14.077986111111134,2522.5,10.637083333333333
47.294333,-3.218333,Morbihan,56,56009,BELLE ILE-LE TALUT,11,101058.1628242075,11.866858789625383,3230.1,12.44257925072046
47.294333,-3.218333,Morbihan,56,56009,BELLE ILE-LE TALUT,12,101462.85211267606,10.540140845070445,3956.9,12.93849765258216
47.4445,0.727333,Indre-et-Loire,37,37179,TOURS,1,100554.07166123779,5.216178067318156,3416.7,6.920521172638437
47.4445,0.727333,Indre-et-Loire,37,37179,TOURS,2,100408.73025160913,5.987653598595692,2925.1,7.49549444119368
47.4445,0.727333,Indre-et-Loire,37,37179,TOURS,3,100342.54616675993,8.087576944599911,3323.2,7.56094012311136
47.4445,0.727333,Indre-et-Loire,37,37179,TOURS,4,100270.8832807571,11.302965299684566,1803.9,6.1141955835962145
47.4445,0.727333,Indre-et-Loire,37,37179,TOURS,5,100363.45935727788,14.463137996219304,3123.3,6.306490233144297
47.4445,0.727333,Indre-et-Loire,37,37179,TOURS,6,100331.2067840835,18.36692759295501,3403.3,6.2889758643183304
47.4445,0.727333,Indre-et-Loire,37,37179,TOURS,7,100418.14655172414,20.90806650246308,1257.9,6.229802955665025
47.4445,0.727333,Indre-et-Loire,37,37179,TOURS,8,100406.0185758514,20.408792569659465,1823.9,5.660619195046439
47.4445,0.727333,Indre-et-Loire,37,37179,TOURS,9,100535.7741935484,16.62219354838712,2179.2,5.889612903225806
47.4445,0.727333,Indre-et-Loire,37,37179,TOURS,10,100387.45443117536,12.455625392834719,2637.5,6.111376492771842
47.4445,0.727333,Indre-et-Loire,37,37179,TOURS,11,100269.68790637191,8.640377113133964,3175.0,6.281599479843954
47.4445,0.727333,Indre-et-Loire,37,37179,TOURS,12,100642.08216094541,6.3935846933033424,3484.2,6.6948227349465395
47.614333,7.51,Haut-Rhin,68,68042,BALE-MULHOUSE,1,98629.47539210384,2.548242293131445,3604.5,6.1237425635478635
47.614333,7.51,Haut-Rhin,68,68042,BALE-MULHOUSE,2,98547.00824499411,3.8474087161366537,2925.1,6.298881036513546
47.614333,7.51,Haut-Rhin,68,68042,BALE-MULHOUSE,3,98430.42637862422,6.318078453666879,2514.5,6.389255258669699
47.614333,7.51,Haut-Rhin,68,68042,BALE-MULHOUSE,4,98384.57460732984,10.714856020942431,2920.3,5.453468586387435
47.614333,7.51,Haut-Rhin,68,68042,BALE-MULHOUSE,5,98413.29065300897,14.55064020486558,3763.5,5.448847631241998
47.614333,7.51,Haut-Rhin,68,68042,BALE-MULHOUSE,6,98432.32394366198,19.041357234315004,4045.2,5.276696542893727
47.614333,7.51,Haut-Rhin,68,68042,BALE-MULHOUSE,7,98479.70204841714,21.219304779639998,2564.1,5.271011793916822
47.614333,7.51,Haut-Rhin,68,68042,BALE-MULHOUSE,8,98539.44959802102,20.374458874458895,3937.6,4.755844155844156
47.614333,7.51,Haut-Rhin,68,68042,BALE-MULHOUSE,9,98655.89285714286,15.514349489795942,2372.5,4.717283163265306
47.614333,7.51,Haut-Rhin,68,68042,BALE-MULHOUSE,10,98606.46115906289,10.742170160295952,3004.9,4.8031442663378545
47.614333,7.51,Haut-Rhin,68,68042,BALE-MULHOUSE,11,98491.85852090032,6.386430868167224,2414.5,5.047974276527332
47.614333,7.51,Haut-Rhin,68,68042,BALE-MULHOUSE,12,98844.65753424658,3.8174794520548168,2754.3,5.620931506849315
48.068833,-1.734,Ille-et-Vilaine,35,35281,RENNES-ST JACQUES,1,101415.66868464502,5.918216840946638,3486.6,6.667749036873968
48.068833,-1.734,Ille-et-Vilaine,35,35281,RENNES-ST JACQUES,2,101263.05023923445,6.39904306220098,3743.5,7.591387559808612
48.068833,-1.734,Ille-et-Vilaine,35,35281,RENNES-ST JACQUES,3,101235.95441595442,8.094529914529938,2827.6,7.431566951566952
48.068833,-1.734,Ille-et-Vilaine,35,35281,RENNES-ST JACQUES,4,101168.49966510382,10.808238446081736,1900.4,5.93536503683858
48.068833,-1.734,Ille-et-Vilaine,35,35281,RENNES-ST JACQUES,5,101282.77227722772,14.024026402640287,2767.6,6.328778877887789
48.068833,-1.734,Ille-et-Vilaine,35,35281,RENNES-ST JACQUES,6,101245.48474576272,17.23742372881358,3356.8,6.070644067796611
48.068833,-1.734,Ille-et-Vilaine,35,35281,RENNES-ST JACQUES,7,101326.39751552795,19.100559006211203,1414.0,6.172546583850931
48.068833,-1.734,Ille-et-Vilaine,35,35281,RENNES-ST JACQUES,8,101294.92113564668,18.46529968454261,2367.2,5.67608832807571
48.068833,-1.734,Ille-et-Vilaine,35,35281,RENNES-ST JACQUES,9,101425.59202059203,15.690990990991015,2282.1,5.776898326898326
48.068833,-1.734,Ille-et-Vilaine,35,35281,RENNES-ST JACQUES,10,101236.31309904154,12.406517571885008,3635.6,5.991629392971245
48.068833,-1.734,Ille-et-Vilaine,35,35281,RENNES-ST JACQUES,11,101088.93069306931,9.016105610561079,3566.1,6.348052805280528
48.068833,-1.734,Ille-et-Vilaine,35,35281,RENNES-ST JACQUES,12,101479.4164305949,7.229121813031184,4003.2,6.699263456090652
48.324667,4.02,Aube,10,10030,TROYES-BARBEREY,1,100442.19379422972,3.952694610778466,3232.2,6.817365269461078
48.324667,4.02,Aube,10,10030,TROYES-BARBEREY,2,100328.75,4.900934579439275,2940.2,7.209404205607477
48.324667,4.02,Aube,10,10030,TROYES-BARBEREY,3,100259.0444069702,6.848454187745948,2893.0,7.118718381112985
48.324667,4.02,Aube,10,10030,TROYES-BARBEREY,4,100235.0127388535,10.505414012738877,1804.2,5.579299363057324
48.324667,4.02,Aube,10,10030,TROYES-BARBEREY,5,100266.1334156887,14.108770846201383,4378.2,5.634527486102532
48.324667,4.02,Aube,10,10030,TROYES-BARBEREY,6,100240.28790786948,18.30588611644276,2929.3,5.710492642354446
48.324667,4.02,Aube,10,10030,TROYES-BARBEREY,7,100287.69662921349,20.71466916354559,1531.7,5.8875156054931335
48.324667,4.02,Aube,10,10030,TROYES-BARBEREY,8,100305.22031823745,20.13506731946147,2474.6,5.407282741738066
48.324667,4.02,Aube,10,10030,TROYES-BARBEREY,9,100449.25525143222,15.480330999363485,2645.6,5.364863144493953
48.324667,4.02,Aube,10,10030,TROYES-BARBEREY,10,100353.35775335775,11.582783882783906,3078.1,5.730708180708181
48.324667,4.02,Aube,10,10030,TROYES-BARBEREY,11,100222.8426395939,7.435469543147231,2677.0,5.949048223350254
48.324667,4.02,Aube,10,10030,TROYES-BARBEREY,12,100593.02506963788,5.396434540389994,2962.0,6.783955431754875
48.444167,-4.412,Finistère,29,29075,BREST-GUIPAVAS,1,100618.36909871244,7.266523605150238,9305.1,9.323229613733906
48.444167,-4.412,Finistère,29,29075,BREST-GUIPAVAS,2,100465.02948113208,7.128007075471721,7788.4,10.088915094339622
48.444167,-4.412,Finistère,29,29075,BREST-GUIPAVAS,3,100489.22423556058,8.01840317100795,5084.7,9.562004530011325
48.444167,-4.412,Finistère,29,29075,BREST-GUIPAVAS,4,100427.85668991756,10.138807863031095,3078.2,7.4829422954977804
48.444167,-4.412,Finistère,29,29075,BREST-GUIPAVAS,5,100602.27388535033,12.87159235668792,3089.9,7.141592356687898
48.444167,-4.412,Finistère,29,29075,BREST-GUIPAVAS,6,100544.02946828956,15.292376681614371,3375.8,7.096028187059577
48.444167,-4.412,Finistère,29,29075,BREST-GUIPAVAS,7,100652.46144355336,16.88322023442322,2930.8,6.970450339296731
48.444167,-4.412,Finistère,29,29075,BREST-GUIPAVAS,8,100601.11042183623,16.386724565756847,4484.9,6.928287841191067
48.444167,-4.412,Finistère,29,29075,BREST-GUIPAVAS,9,100724.62140992167,14.635443864229789,3502.8,7.188838120104438
48.444167,-4.412,Finistère,29,29075,BREST-GUIPAVAS,10,100469.53459119497,12.124591194968575,6857.1,7.829371069182391
48.444167,-4.412,Finistère,29,29075,BREST-GUIPAVAS,11,100282.278978389,9.90982318271122,7851.3,8.929993451211526
48.444167,-4.412,Finistère,29,29075,BREST-GUIPAVAS,12,100708.45500848896,8.845387662705173,8294.0,9.721222410865876
48.4455,0.110167,Orne,61,61077,ALENCON,1,100090.07131102578,4.567580910586967,3868.3,6.243773998902907
48.4455,0.110167,Orne,61,61077,ALENCON,2,99950.58146577832,5.093640218049689,3591.1,7.0873410054512425
48.4455,0.110167,Orne,61,61077,ALENCON,3,99916.61747343566,7.05554899645811,3130.2,6.967532467532467
48.4455,0.110167,Orne,61,61077,ALENCON,4,99894.1196013289,10.243122923588063,1560.2,5.565514950166113
48.4455,0.110167,Orne,61,61077,ALENCON,5,100011.4827352742,13.441299932295218,3143.0,5.742383209207854
48.4455,0.110167,Orne,61,61077,ALENCON,6,99931.09040717737,17.019254658385115,3023.7,5.888750862663906
48.4455,0.110167,Orne,61,61077,ALENCON,7,100047.99593771157,19.10440081245771,1373.3,5.880297901150982
48.4455,0.110167,Orne,61,61077,ALENCON,8,100016.90298507463,18.45313432835823,2117.7,5.214850746268657
48.4455,0.110167,Orne,61,61077,ALENCON,9,100160.9155937053,14.812446351931353,1729.2,5.407725321888412
48.4455,0.110167,Orne,61,61077,ALENCON,10,100016.95281782438,11.46133682830933,2857.8,5.529357798165137
48.4455,0.110167,Orne,61,61077,ALENCON,11,99769.84574111334,7.882293762575476,3877.5,5.9367538564721665
48.4455,0.110167,Orne,61,61077,ALENCON,12,100158.43115124153,5.832449209932303,5017.7,6.265180586907449
48.5495,7.640333,Bas-Rhin,67,67212,STRASBOURG-ENTZHEIM,1,100031.16946399567,2.894206821873332,3220.9,6.149485652409313
48.5495,7.640333,Bas-Rhin,67,67212,STRASBOURG-ENTZHEIM,2,99986.92987625221,4.0093694755451015,2276.7,6.500589275191515
48.5495,7.640333,Bas-Rhin,67,67212,STRASBOURG-ENTZHEIM,3,99886.35273972603,6.99469178082194,2043.9,6.92060502283105
48.5495,7.640333,Bas-Rhin,67,67212,STRASBOURG-ENTZHEIM,4,99847.5895140665,11.47583120204606,2128.7,5.603196930946291
48.5495,7.640333,Bas-Rhin,67,67212,STRASBOURG-ENTZHEIM,5,99853.21382007822,15.40254237288138,4075.9,5.522750977835724
48.5495,7.640333,Bas-Rhin,67,67212,STRASBOURG-ENTZHEIM,6,99821.99464524766,19.445716198125858,4014.4,5.488888888888889
48.5495,7.640333,Bas-Rhin,67,67212,STRASBOURG-ENTZHEIM,7,99865.38316582915,21.46601758793972,2226.2,5.503329145728642
48.5495,7.640333,Bas-Rhin,67,67212,STRASBOURG-ENTZHEIM,8,99906.84415584416,20.771948051948076,3151.3,4.733311688311688
48.5495,7.640333,Bas-Rhin,67,67212,STRASBOURG-ENTZHEIM,9,100060.85658663206,15.95613238157043,1943.3,5.0410772225827385
48.5495,7.640333,Bas-Rhin,67,67212,STRASBOURG-ENTZHEIM,10,100020.61919504644,11.06965944272448,2212.1,4.984582043343654
48.5495,7.640333,Bas-Rhin,67,67212,STRASBOURG-ENTZHEIM,11,99904.24046541694,6.587847446671,1994.1,5.117840982546865
48.5495,7.640333,Bas-Rhin,67,67212,STRASBOURG-ENTZHEIM,12,100236.48558758314,4.2157427937915966,1997.3,5.814966740576497
48.581,5.959833,Meurthe-et-Moselle,54,54523,NANCY-OCHEY,1,97684.79077253219,2.324731759656675,4456.2,7.332081545064377
48.581,5.959833,Meurthe-et-Moselle,54,54523,NANCY-OCHEY,2,97623.18687756297,3.7289396602226352,4031.4,7.900820152314002
48.581,5.959833,Meurthe-et-Moselle,54,54523,NANCY-OCHEY,3,97551.60180485054,5.957247602932904,3626.3,7.66644106034969
48.581,5.959833,Meurthe-et-Moselle,54,54523,NANCY-OCHEY,4,97576.4631043257,10.263867684478393,2291.3,6.0217557251908405
48.581,5.959833,Meurthe-et-Moselle,54,54523,NANCY-OCHEY,5,97619.74900924703,13.700198150594474,3654.6,5.910369881109643
48.581,5.959833,Meurthe-et-Moselle,54,54523,NANCY-OCHEY,6,97630.32734274711,17.842618741976917,3300.7,5.810205391527599
48.581,5.959833,Meurthe-et-Moselle,54,54523,NANCY-OCHEY,7,97689.55500618047,20.382880098887536,1856.8,5.864709517923362
48.581,5.959833,Meurthe-et-Moselle,54,54523,NANCY-OCHEY,8,97719.24364538128,19.848481091134552,2658.0,5.619962802231866
48.581,5.959833,Meurthe-et-Moselle,54,54523,NANCY-OCHEY,9,97824.52624839949,15.123943661971854,2761.3,5.811523687580026
48.581,5.959833,Meurthe-et-Moselle,54,54523,NANCY-OCHEY,10,97725.8389674247,10.607682851874639,2977.3,6.365888137676706
48.581,5.959833,Meurthe-et-Moselle,54,54523,NANCY-OCHEY,11,97555.31554977228,6.2528952504879864,3629.1,6.742355237475602
48.581,5.959833,Meurthe-et-Moselle,54,54523,NANCY-OCHEY,12,97883.3224222586,4.138025095471927,4020.6,7.337752318603383
48.716833,2.384333,Essonne,91,91027,ORLY,1,100735.5847639485,4.632403433476417,2973.7,7.056545064377683
48.716833,2.384333,Essonne,91,91027,ORLY,2,100625.87161366313,5.432626619552438,3054.8,7.696289752650176
48.716833,2.384333,Essonne,91,91027,ORLY,3,100562.06779661016,7.726045197740137,3133.8,7.79954802259887
48.716833,2.384333,Essonne,91,91027,ORLY,4,100557.706185567,11.443621134020642,1409.7,6.408762886597938
48.716833,2.384333,Essonne,91,91027,ORLY,5,100625.99869876383,14.790045543266126,3727.1,6.566232921275211
48.716833,2.384333,Essonne,91,91027,ORLY,6,100570.56921086676,18.673868046571823,3525.3,6.7124191461836995
48.716833,2.384333,Essonne,91,91027,ORLY,7,100633.8961038961,21.19684601113175,1167.1,6.73382807668522
48.716833,2.384333,Essonne,91,91027,ORLY,8,100624.70841006753,20.4338858195212,3042.6,6.017249846531615
48.716833,2.384333,Essonne,91,91027,ORLY,9,100770.35691523264,16.275462077756558,2568.6,6.035309114085404
48.716833,2.384333,Essonne,91,91027,ORLY,10,100645.18221124151,12.225880172946287,2385.9,6.237615812229772
48.716833,2.384333,Essonne,91,91027,ORLY,11,100488.17252396166,8.28012779552718,2941.7,6.241405750798721
48.716833,2.384333,Essonne,91,91027,ORLY,12,100850.73932092004,6.045071193866397,4021.4,6.797316538882804
48.825833,-3.473167,Côtes-d'Armor,22,22168,PLOUMANAC'H,1,101067.93170103093,8.159213917525795,5113.6,11.232667525773195
48.825833,-3.473167,Côtes-d'Armor,22,22168,PLOUMANAC'H,2,100901.39450867052,7.955130057803491,4337.1,11.640751445086705
48.825833,-3.473167,Côtes-d'Armor,22,22168,PLOUMANAC'H,3,100904.20707732634,8.866186107470535,3156.0,11.196264744429882
48.825833,-3.473167,Côtes-d'Armor,22,22168,PLOUMANAC'H,4,100901.27067669173,10.663984962406037,1780.0,8.068947368421053
48.825833,-3.473167,Côtes-d'Armor,22,22168,PLOUMANAC'H,5,101057.01082431307,13.031223980016675,2154.3,7.852789342214821
48.825833,-3.473167,Côtes-d'Armor,22,22168,PLOUMANAC'H,6,101007.30627306273,15.163099630996332,2065.1,7.6065682656826565
48.825833,-3.473167,Côtes-d'Armor,22,22168,PLOUMANAC'H,7,101101.21785173978,17.22193645990925,1519.6,7.266868381240544
48.825833,-3.473167,Côtes-d'Armor,22,22168,PLOUMANAC'H,8,101061.6086620263,17.22699149265277,2902.2,7.280355761794277
48.825833,-3.473167,Côtes-d'Armor,22,22168,PLOUMANAC'H,9,101191.08783239323,15.984931506849337,1827.6,8.37276390008058
48.825833,-3.473167,Côtes-d'Armor,22,22168,PLOUMANAC'H,10,101040.26813880126,13.437066246056807,4219.3,9.279416403785488
48.825833,-3.473167,Côtes-d'Armor,22,22168,PLOUMANAC'H,11,100801.68861347792,10.92625871417508,3912.8,10.715569326103795
48.825833,-3.473167,Côtes-d'Armor,22,22168,PLOUMANAC'H,12,101159.23961661341,9.628370607028778,4606.5,10.879808306709267
49.18,-0.456167,Calvados,14,14137,CAEN-CARPIQUET,1,100951.00826446281,5.560000000000023,3682.6,8.124132231404959
49.18,-0.456167,Calvados,14,14137,CAEN-CARPIQUET,2,100839.98780487805,5.94707317073173,3573.6,8.798963414634146
49.18,-0.456167,Calvados,14,14137,CAEN-CARPIQUET,3,100820.94586555622,7.333729922665103,2622.1,8.430636525877453
49.18,-0.456167,Calvados,14,14137,CAEN-CARPIQUET,4,100822.2260509993,9.830117160578933,2433.8,6.291316333563061
49.18,-0.456167,Calvados,14,14137,CAEN-CARPIQUET,5,100959.10006715916,12.761719274681017,2670.6,6.314036265950302
49.18,-0.456167,Calvados,14,14137,CAEN-CARPIQUET,6,100867.12550607287,15.98556005398113,2901.0,6.292645074224022
49.18,-0.456167,Calvados,14,14137,CAEN-CARPIQUET,7,100952.6814911707,17.963701765860062,1209.6,6.51785480706344
49.18,-0.456167,Calvados,14,14137,CAEN-CARPIQUET,8,100906.79220779221,17.786038961038983,3261.8,6.411688311688311
49.18,-0.456167,Calvados,14,14137,CAEN-CARPIQUET,9,101053.5836627141,15.216007905138362,2111.5,6.527799736495389
49.18,-0.456167,Calvados,14,14137,CAEN-CARPIQUET,10,100868.32270408163,12.104145408163289,3993.8,6.955293367346939
49.18,-0.456167,Calvados,14,14137,CAEN-CARPIQUET,11,100653.43521594684,8.677342192691054,3987.9,7.632358803986712
49.18,-0.456167,Calvados,14,14137,CAEN-CARPIQUET,12,101002.12753950339,7.0639390519187595,3970.9,8.37607223476298
49.209667,4.155333,Marne,51,51449,REIMS-PRUNAY,1,100619.29266709929,3.8205710577547274,2645.3,6.210123296560674
49.209667,4.155333,Marne,51,51449,REIMS-PRUNAY,2,100539.52415284788,4.99935111751985,2368.6,6.994160057678442
49.209667,4.155333,Marne,51,51449,REIMS-PRUNAY,3,100370.26334026334,6.645183645183668,2204.4,6.956271656271656
49.209667,4.155333,Marne,51,51449,REIMS-PRUNAY,4,100414.85988791032,10.17550040032028,1050.5,5.47822257806245
49.209667,4.155333,Marne,51,51449,REIMS-PRUNAY,5,100538.16129032258,13.99153225806454,2152.0,5.391451612903226
49.209667,4.155333,Marne,51,51449,REIMS-PRUNAY,6,100429.64228934816,17.698807631160594,2682.9,5.299046104928458
49.209667,4.155333,Marne,51,51449,REIMS-PRUNAY,7,100557.17829457365,19.793488372093048,1874.8,5.285736434108528
49.209667,4.155333,Marne,51,51449,REIMS-PRUNAY,8,100576.92307692308,19.25844567803333,1217.3,4.911102299762093
49.209667,4.155333,Marne,51,51449,REIMS-PRUNAY,9,100703.50318471338,15.002335456475606,2036.3,5.060651096956829
49.209667,4.155333,Marne,51,51449,REIMS-PRUNAY,10,100593.38627700126,11.342630241423148,2504.2,5.398919949174078
49.209667,4.155333,Marne,51,51449,REIMS-PRUNAY,11,100459.61923847695,7.165130260521066,2295.4,5.747094188376753
49.209667,4.155333,Marne,51,51449,REIMS-PRUNAY,12,100785.01981505945,5.3910832232496935,2480.4,6.12007926023778
49.383,1.181667,Seine-Maritime,76,76116,ROUEN-BOOS,1,99900.79466666667,4.17498666666669,4998.9,7.255893333333333
49.383,1.181667,Seine-Maritime,76,76116,ROUEN-BOOS,2,99817.17417061611,4.7754739336493115,4417.7,8.011078199052132
49.383,1.181667,Seine-Maritime,76,76116,ROUEN-BOOS,3,99802.60102447354,6.835287421741627,3649.1,7.900910643141718
49.383,1.181667,Seine-Maritime,76,76116,ROUEN-BOOS,4,99820.6675224647,10.260397946084748,1734.5,6.258408215661104
49.383,1.181667,Seine-Maritime,76,76116,ROUEN-BOOS,5,99904.9084017688,13.04548325963363,3031.0,6.430195830701201
49.383,1.181667,Seine-Maritime,76,76116,ROUEN-BOOS,6,99847.08549222798,16.63277202072541,2808.2,6.4547927461139905
49.383,1.181667,Seine-Maritime,76,76116,ROUEN-BOOS,7,99939.68869123253,18.514040660737,1566.4,6.271346886912325
49.383,1.181667,Seine-Maritime,76,76116,ROUEN-BOOS,8,99884.60248447205,18.210062111801264,3243.3,5.792546583850932
49.383,1.181667,Seine-Maritime,76,76116,ROUEN-BOOS,9,100019.77592829705,14.768117797695286,2652.2,5.9328425096030735
49.383,1.181667,Seine-Maritime,76,76116,ROUEN-BOOS,10,99865.94694632942,11.343491671807548,3393.8,6.502405922270204
49.383,1.181667,Seine-Maritime,76,76116,ROUEN-BOOS,11,99657.33803720334,7.733611289288028,4542.4,7.010134701731879
49.383,1.181667,Seine-Maritime,76,76116,ROUEN-BOOS,12,100048.40413318026,5.6541331802526065,5694.2,7.425028702640643
49.725167,-1.939833,Manche,50,50041,PTE DE LA HAGUE,1,101428.61744966442,8.421208053691297,5006.4,12.973288590604028
49.725167,-1.939833,Manche,50,50041,PTE DE LA HAGUE,2,101324.56051873199,7.678097982708956,3576.1,13.462752161383285
49.725167,-1.939833,Manche,50,50041,PTE DE LA HAGUE,3,101409.09793814433,8.56668814432992,3445.9,11.948969072164948
49.725167,-1.939833,Manche,50,50041,PTE DE LA HAGUE,4,101379.45968412302,10.085203657522882,975.0,9.311388196176226
49.725167,-1.939833,Manche,50,50041,PTE DE LA HAGUE,5,101635.78449905482,12.136767485822327,1574.3,8.375803402646504
49.725167,-1.939833,Manche,50,50041,PTE DE LA HAGUE,6,101402.1568627451,14.611188004613632,1493.0,8.744982698961937
49.725167,-1.939833,Manche,50,50041,PTE DE LA HAGUE,7,101575.58524173028,16.902926208651422,964.0,8.306106870229009
49.725167,-1.939833,Manche,50,50041,PTE DE LA HAGUE,8,101402.68918918919,17.564864864864887,1023.2,8.42918918918919
49.725167,-1.939833,Manche,50,50041,PTE DE LA HAGUE,9,101619.06565656565,16.28560606060608,1229.5,10.250631313131313
49.725167,-1.939833,Manche,50,50041,PTE DE LA HAGUE,10,101347.96566523606,13.97287553648071,4110.9,11.557854077253218
49.725167,-1.939833,Manche,50,50041,PTE DE LA HAGUE,11,101325.07836990595,11.431583072100336,3713.7,12.85728840125392
49.725167,-1.939833,Manche,50,50041,PTE DE LA HAGUE,12,101495.0067114094,9.917315436241633,4644.6,13.217315436241611
50.136,1.834,Somme,80,80001,ABBEVILLE,1,100805.65987124463,4.6231223175965885,5218.8,7.397424892703862
50.136,1.834,Somme,80,80001,ABBEVILLE,2,100748.81828978623,5.189014251781496,3620.4,8.251187648456057
50.136,1.834,Somme,80,80001,ABBEVILLE,3,100733.24944071588,7.026006711409418,3258.3,8.270078299776285
50.136,1.834,Somme,80,80001,ABBEVILLE,4,100779.75903614458,10.10114140773623,2058.4,6.392073557387444
50.136,1.834,Somme,80,80001,ABBEVILLE,5,100852.52184769038,13.034644194756577,2880.5,6.437390761548065
50.136,1.834,Somme,80,80001,ABBEVILLE,6,100793.61675126903,16.282043147208146,2193.3,6.494670050761422
50.136,1.834,Somme,80,80001,ABBEVILLE,7,100863.2266325224,18.040140845070447,2068.3,6.405633802816902
50.136,1.834,Somme,80,80001,ABBEVILLE,8,100794.85466914039,18.1314162028448,4429.5,5.872603586889301
50.136,1.834,Somme,80,80001,ABBEVILLE,9,100942.07138304652,14.977692797960508,3597.7,5.852007648183556
50.136,1.834,Somme,80,80001,ABBEVILLE,10,100786.16513761468,11.830336391437333,3871.5,6.315107033639144
50.136,1.834,Somme,80,80001,ABBEVILLE,11,100576.468730259,8.162665824384105,4665.7,6.997030953885028
50.136,1.834,Somme,80,80001,ABBEVILLE,12,100872.43258117777,6.300935608145317,5405.6,7.597413318657127
50.57,3.0975,Nord,59,59256,LILLE-LESQUIN,1,101051.77692728267,4.071186440677989,3698.1,7.746418808091854
50.57,3.0975,Nord,59,59256,LILLE-LESQUIN,2,101042.1101992966,4.850000000000024,3332.3,8.456447831184057
50.57,3.0975,Nord,59,59256,LILLE-LESQUIN,3,101012.24845418775,6.999269252389006,3307.3,8.350646430578976
50.57,3.0975,Nord,59,59256,LILLE-LESQUIN,4,101052.87096774194,10.516709677419378,1852.1,6.722064516129032
50.57,3.0975,Nord,59,59256,LILLE-LESQUIN,5,101128.92131979695,13.939593908629464,2940.6,6.836865482233502
50.57,3.0975,Nord,59,59256,LILLE-LESQUIN,6,101063.68831168831,17.3466233766234,3246.8,6.945844155844156
50.57,3.0975,Nord,59,59256,LILLE-LESQUIN,7,101096.15482233503,19.29822335025383,1978.5,6.790545685279188
50.57,3.0975,Nord,59,59256,LILLE-LESQUIN,8,101057.53614079196,19.0538654934004,3528.4,6.213010685103709
50.57,3.0975,Nord,59,59256,LILLE-LESQUIN,9,101234.78289473684,15.391842105263182,2289.4,6.124671052631579
50.57,3.0975,Nord,59,59256,LILLE-LESQUIN,10,101049.76522842639,11.742893401015252,3564.0,6.891497461928934
50.57,3.0975,Nord,59,59256,LILLE-LESQUIN,11,100879.90831696136,7.750098231827136,3489.9,7.185789129011133
50.57,3.0975,Nord,59,59256,LILLE-LESQUIN,12,101139.77247502774,5.75216426193121,4147.1,7.907158712541621
